INSERT INTO `category` (`id`, `name`, `slug`) VALUES
(1, 'qui', 'distinctio-cumque-nihil-tenetur-dolor-inventore-quia-error-illo'),
(2, 'veritatis', 'aspernatur-repudiandae-culpa-laboriosam-sit-sapiente-fuga-ut'),
(3, 'dolores', 'deleniti-sed-quis-ea-natus-nisi'),
(4, 'nulla', 'consequuntur-autem-nemo-et-qui-perspiciatis-a-fuga'),
(5, 'neque', 'enim-est-cumque-quis-earum'),
(6, 'at', 'ullam-aut-in-tempora-eos-sit-sed'),
(7, 'est', 'mollitia-tempore-rerum-quia-magnam-impedit-quia'),
(8, 'qui', 'cupiditate-quis-quas-quia-iste-soluta-rerum-dolores'),
(9, 'nulla', 'ut-consequatur-in-dignissimos-quia-illo-odio'),
(10, 'voluptatibus', 'dolorum-pariatur-ipsa-aut-repudiandae-officiis-voluptas-qui'),
(11, 'dolores', 'reiciendis-minima-aspernatur-voluptatem-assumenda-expedita-eaque-magnam'),
(12, 'in', 'harum-unde-provident-sit-culpa-nemo'),
(13, 'non', 'non-assumenda-quisquam-hic-ullam-error'),
(14, 'molestias', 'sint-illum-doloremque-cum'),
(15, 'eveniet', 'earum-et-qui-tempora-eos'),
(16, 'quia', 'cumque-deserunt-et-vitae-ut-voluptatem-quam'),
(17, 'ea', 'voluptate-voluptates-aperiam-facilis-blanditiis-veritatis-vel-doloremque'),
(18, 'molestiae', 'quaerat-aut-sit-aut-est-illum-et'),
(19, 'quia', 'odit-ullam-necessitatibus-non-iure-harum-excepturi-dolores-libero'),
(20, 'qui', 'quasi-est-consectetur-ipsa-sequi');
INSERT INTO `subject` (`id`, `name`, `slug`) VALUES
(1, 'ut', 'corrupti-voluptas-officia-esse-et-eum-ut-velit'),
(2, 'et', 'mollitia-quidem-omnis-qui-animi-animi'),
(3, 'quaerat', 'velit-voluptas-sequi-autem-quibusdam-laudantium-eos-excepturi-culpa'),
(4, 'et', 'est-ab-expedita-cum-dolorem'),
(5, 'nemo', 'est-ullam-suscipit-aut-saepe-inventore-eum'),
(6, 'corporis', 'non-aliquid-et-illum-eos'),
(7, 'qui', 'et-optio-odit-atque-ipsum-distinctio-rerum'),
(8, 'est', 'sit-qui-inventore-quod-provident-repellendus-rem-similique'),
(9, 'odio', 'quisquam-qui-aut-molestiae-reiciendis-dignissimos'),
(10, 'similique', 'exercitationem-soluta-ut-voluptatibus-nostrum-velit-quia-expedita-vel'),
(11, 'laborum', 'quia-debitis-nulla-ut-et-delectus'),
(12, 'possimus', 'ut-aut-fugiat-quam-non'),
(13, 'accusantium', 'vitae-consequatur-temporibus-minus-natus'),
(14, 'facilis', 'iste-voluptate-non-dolor-soluta-voluptas'),
(15, 'doloremque', 'est-veniam-sunt-vel-est'),
(16, 'numquam', 'laboriosam-et-similique-est-optio-et-aspernatur'),
(17, 'veniam', 'quo-sit-vero-totam-quia-ex-fuga'),
(18, 'officia', 'velit-necessitatibus-temporibus-quo-eum'),
(19, 'mollitia', 'in-quia-corrupti-placeat-eum-nemo-esse-architecto-aut'),
(20, 'aliquid', 'iste-non-tempore-atque-harum-temporibus-id');
INSERT INTO `unity` (`id`, `name`, `slug`) VALUES
(1, 'qui', 'similique-perspiciatis-sit-sapiente-expedita-sed-et-dolores'),
(2, 'inventore', 'cum-quod-sunt-consequuntur-natus-quis'),
(3, 'dolores', 'voluptatum-tenetur-est-deleniti-deleniti-assumenda-doloremque-ratione'),
(4, 'corporis', 'praesentium-temporibus-voluptas-cumque-illo-molestiae'),
(5, 'illum', 'fugiat-occaecati-quaerat-aut-sunt-numquam-doloremque-quaerat-error'),
(6, 'veniam', 'est-aliquam-necessitatibus-dolores-possimus-ullam-assumenda'),
(7, 'sunt', 'unde-modi-omnis-culpa-dolores'),
(8, 'dolorem', 'natus-voluptatum-dolorem-consequuntur-dolor-eaque-ad-blanditiis'),
(9, 'eligendi', 'eum-vel-ut-enim-nisi-officiis-animi'),
(10, 'nulla', 'ut-explicabo-repellendus-labore-sed'),
(11, 'commodi', 'natus-incidunt-nesciunt-eveniet-vero-eligendi-aut'),
(12, 'sit', 'minus-ipsum-laudantium-asperiores-sint-accusantium-molestias-et-ea'),
(13, 'quasi', 'voluptas-quibusdam-est-tempore-cum-quia-corrupti-eum'),
(14, 'debitis', 'autem-hic-labore-qui-ea-quas-quis'),
(15, 'cumque', 'non-ea-incidunt-eum-assumenda-eum'),
(16, 'nostrum', 'perspiciatis-quaerat-deserunt-fugit-et-libero-vel-quas-laboriosam'),
(17, 'est', 'sint-itaque-ipsum-aspernatur-enim-harum-aut-quidem-reiciendis'),
(18, 'quas', 'sit-sed-quae-iure'),
(19, 'voluptate', 'non-optio-voluptatum-natus-eos-dolorem-numquam-aut'),
(20, 'sit', 'sunt-eaque-praesentium-sapiente-exercitationem-voluptate-magnam');
INSERT INTO `address` (`id`, `line1`, `line2`, `postal_code`, `city`, `country`) VALUES
(1, '9, boulevard Thibault Guyon\n45 896 Delorme-sur-Foucher', '275, rue Boulay\n10 833 Le Goff', '49479', 'Petit-les-Bains', 'Falkland (Île)'),
(2, '5, impasse Didier\n99 527 Durand', '43, chemin de Lagarde\n45068 Klein', '52408', 'Pinto', 'Slovénie'),
(3, '72, rue Suzanne Petitjean\n23 484 Rocher-sur-Gomez', '4, impasse Lacombe\n95790 Klein-sur-Mer', '47998', 'Lefortboeuf', 'Tanzanie'),
(4, 'rue de Thierry\n83 206 Denis', '7, rue de Chauveau\n52366 Baudry', '34580', 'De Oliveiradan', 'Liechtenstein'),
(5, '246, boulevard Muller\n56810 Schmitt-sur-Faivre', '44, avenue de Baudry\n26 499 Petitdan', '03596', 'Raynaudnec', 'Macau'),
(6, '797, rue Martine Lacombe\n44002 Rousseldan', '9, place Pauline Bailly\n02461 Dumont-sur-Ferreira', '80418', 'MauryBourg', 'Maldives (Îles)'),
(7, '59, rue Leduc\n33 432 Seguin', '31, boulevard de Lopes\n99966 Lecomte', '17923', 'Simon-les-Bains', 'Bahamas'),
(8, 'place Barbier\n58 228 Ramos', '444, rue de Carre\n31119 Etienne-sur-Baron', '15630', 'CharlesBourg', 'Botswana'),
(9, '13, boulevard de Lelievre\n15 830 Maillard', '89, avenue Costa\n64218 Leveque', '88556', 'Antoine', 'Belgique'),
(10, '10, impasse de Bernard\n82256 Delaunay', '4, place Élisabeth De Sousa\n37 866 Riou-sur-Martel', '82751', 'Breton', 'Malte'),
(11, '35, place de Fernandes\n86 952 Camus', '87, avenue de Salmon\n45852 Roche', '60561', 'Lefort', 'Libéria'),
(12, '76, rue Bruneau\n34158 Gonzalez', '97, rue Clement\n37708 Leblanc', '10 291', 'Besnard', 'Albanie'),
(13, '361, place Fleury\n18196 Gilbertnec', '55, boulevard de Nguyen\n47447 Breton', '20 991', 'ReynaudVille', 'Martinique'),
(14, '63, avenue Costa\n14975 Morvan', '9, avenue de Mace\n64 909 Potier-la-Forêt', '03 021', 'Josephnec', 'Dominique'),
(15, 'rue Henry\n76671 Brun-sur-Martel', 'rue Benjamin Leleu\n61531 Pottier-sur-Guilbert', '93 402', 'Rodrigueznec', 'Myanmar'),
(16, '13, place Giraud\n71 867 Legendre', '47, rue Bonnet\n30 442 Perret-sur-Guibert', '60970', 'Martineau', 'Vietnam'),
(17, '4, avenue de Poirier\n56357 Navarrodan', 'chemin Jacquet\n20314 Tessier', '86 819', 'Olivier', 'Croatie'),
(18, '2, rue de Boutin\n48 961 Leleu-la-Forêt', '69, rue Marion\n48997 LelievreVille', '82217', 'Leroux-les-Bains', 'Libye'),
(19, '336, impasse Lopes\n19021 GirardVille', '553, place Dubois\n48592 Salmonnec', '08529', 'Paul', 'Corée du Nord'),
(20, '834, rue Jacques Robert\n19874 Buissondan', '98, rue de Girard\n71 899 Imbert', '79 010', 'Webernec', 'Vierges britanniques (Îles)'),
(21, '44, boulevard Dubois\n14894 Fernandez', 'rue Marianne Lebrun\n42 988 Morvan', '00 690', 'Petitjean-sur-Benard', 'Anguilla'),
(22, '8, rue Faure\n84667 Gilles', '1, avenue Deschamps\n09199 Guyot', '33477', 'Texier', 'Seychelles'),
(23, '31, chemin Honoré Weiss\n31662 Hubert', '2, impasse Lejeune\n39748 Diallo-sur-Maillet', '92830', 'Benoit-sur-Mer', 'Arménie'),
(24, '286, place Barre\n56041 Arnaud', 'boulevard de Dupre\n59 104 Riou', '15971', 'Le Gall-sur-Guillet', 'Suriname'),
(25, '2, chemin Gregoire\n63 409 Leclerc', '6, chemin Geneviève Benard\n60 615 Valentin', '69448', 'Leclercq', 'Qatar'),
(26, '63, avenue Alexandrie Raymond\n55 547 Marie', '9, place Gros\n42149 Marechal', '34999', 'Roydan', 'Côte d\'Ivoire'),
(27, '313, rue Hebert\n43493 Perret-sur-Bousquet', '77, impasse Lucie Ledoux\n17817 Grenier', '02 298', 'Roux-sur-Mer', 'Colombie'),
(28, '31, boulevard de Leclercq\n95 209 Rocher', '44, rue de Guerin\n12 131 Pascal', '10584', 'Dumont', 'Mauritanie'),
(29, '2, impasse Eugène Paris\n11 244 AlvesBourg', '17, rue Costa\n23413 Masse', '59 164', 'Martin', 'Niger'),
(30, 'boulevard Perret\n30 115 Bretonboeuf', '43, boulevard Robert Lucas\n80021 Joubert', '16497', 'Dupont', 'Liban'),
(31, '92, rue Théophile Breton\n29 442 Hoarau', '4, rue de Bailly\n02435 Maillard-la-Forêt', '09582', 'Herve', 'Guinée'),
(32, '66, place Perrier\n65365 Didiernec', '38, rue De Sousa\n94066 Jourdan-les-Bains', '02 738', 'Tanguy', 'Laos'),
(33, '771, chemin Ramos\n65 944 Lenoir', '11, rue Alves\n18 918 Morel', '07841', 'Pichon', 'Yougoslavie'),
(34, '98, chemin Marie Carre\n01887 Roux-les-Bains', '85, chemin Claire Marion\n01 211 Weissnec', '21 659', 'Becker', 'Japon'),
(35, '93, boulevard Marchand\n56126 Gilles', '283, place Mahe\n19 691 Samson-la-Forêt', '88750', 'Michel', 'Gabon'),
(36, '97, chemin de Mary\n68622 Poirierboeuf', '22, boulevard de Gosselin\n16669 Laporte-sur-Mer', '69586', 'Bailly-la-Forêt', 'Christmas (Île)'),
(37, '789, place Laurence Langlois\n79003 Morenonec', '6, boulevard Paul Poirier\n61349 Le Roux', '22410', 'MarchandBourg', 'Mauritanie'),
(38, '798, avenue Guillaume Hubert\n93 550 Dupuis-sur-Lefort', 'rue Roger Muller\n35 481 Royer-les-Bains', '30 290', 'Guillou', 'Singapour'),
(39, 'impasse de Vallee\n11 712 FabreBourg', '98, boulevard Perrot\n19 925 Roger-sur-Poirier', '64 759', 'Joseph', 'Vatican (Etat du)'),
(40, '399, place Leroux\n27 674 Levy', '2, avenue Eugène Aubry\n05023 Neveu', '35 540', 'Raynaud', 'Christmas (Île)'),
(41, '49, impasse de Royer\n41 317 Rossi', '25, rue Louis Olivier\n55843 Bigot-sur-Jacques', '72576', 'Lopez', 'Antigua et Barbuda'),
(42, '3, chemin Étienne Laine\n05 438 Joubert-sur-Pruvost', 'place Cousin\n66 913 Morelnec', '09 957', 'Pinto', 'Niue'),
(43, '547, chemin de Masse\n60 590 ReyVille', '54, avenue Henri Pasquier\n07440 Dupontboeuf', '71 040', 'Bousquet-sur-Remy', 'Ouzbékistan'),
(44, '7, avenue de Vallet\n70861 Henrynec', '46, avenue Valérie Vaillant\n46202 Cohennec', '27647', 'Roche', 'Chili'),
(45, '59, place Adrien Marchand\n68 614 Allain', 'boulevard de Pereira\n21 087 Mercier', '68677', 'Maurice', 'Antigua et Barbuda'),
(46, 'boulevard de Guillou\n51 012 Lefort-sur-Mer', '45, rue Andrée Jacob\n92 961 Toussaint', '47473', 'Ledoux-sur-Mer', 'Turkménistan'),
(47, '30, place de Thibault\n03 030 Valentinboeuf', '51, avenue Laurent Toussaint\n69 416 Monnier-sur-Etienne', '60 969', 'Perrot-sur-Mer', 'Dominique'),
(48, '75, place André Ferreira\n64 208 De Oliveira-sur-Dumas', 'rue Joseph Lefevre\n43015 DidierVille', '74 075', 'Daniel', 'Pays-Bas'),
(49, 'place Noël Muller\n86235 Gomez', 'place Descamps\n08939 Jacques-sur-Maury', '46 117', 'Pires-la-Forêt', 'Vatican (Etat du)'),
(50, '64, impasse de Grondin\n45 529 PerrierBourg', '925, avenue Chartier\n19 928 Auger', '14657', 'Dumas', 'Saint Vincent et les Grenadines'),
(51, 'rue Ferrand\n12993 MaheVille', '94, place Sauvage\n35761 Petitjean-sur-Mer', '19 934', 'Delmas-la-Forêt', 'Royaume-Uni'),
(52, '882, place Legros\n85 034 Lombard', '39, impasse de Ferreira\n70311 Remy', '28514', 'Pruvost-sur-Gaudin', 'Finlande'),
(53, '2, rue Lacroix\n56592 Fleury-la-Forêt', '59, chemin de Tessier\n32 943 Grondinnec', '27334', 'Roussetnec', 'Bermudes (Les)'),
(54, '33, place Pierre\n54 399 GiraudVille', 'impasse de Roux\n72 393 Chretiendan', '30344', 'LemaitreBourg', 'Saint-Marin (Rép. de)'),
(55, 'rue Roy\n77 916 Gomez', '10, place Marie Marie\n38529 Chauveau', '63 180', 'Ollivierdan', 'Estonie'),
(56, '19, avenue Juliette Da Silva\n84414 Lagarde', '1, rue Marguerite Breton\n27803 Legrand', '41 987', 'FontaineVille', 'Géorgie du Sud et Sandwich du Sud (Îles)'),
(57, '59, rue de Fournier\n67241 De Sousa', '70, chemin Marie Deschamps\n10 716 Pelletier-sur-Dias', '91678', 'Andre', 'Pakistan'),
(58, 'avenue Breton\n12129 Bouchetdan', '1, rue de Philippe\n85 762 Fernandes', '87637', 'Lopes-sur-Perret', 'Qatar'),
(59, 'rue Marchand\n95521 Hamon', 'rue de Lejeune\n40 174 Garnier-sur-Blondel', '41310', 'Morel', 'Territoires français du sud'),
(60, 'place de Martin\n51014 Guillot', '64, rue Thibault Reynaud\n56992 Chartier-sur-Mer', '36956', 'Albert-sur-Legros', 'Algérie'),
(61, '8, boulevard de Guerin\n09983 Imbert-sur-Loiseau', '1, chemin Philippine Guyot\n18710 Poulain-sur-Ruiz', '93 430', 'Laine-sur-Potier', 'Guyane française'),
(62, '90, chemin Susan Petitjean\n05 889 Pierre', '984, avenue Masse\n48413 DupontVille', '86647', 'Leroy', 'Philippines'),
(63, 'rue Charles\n18518 Carpentiernec', 'rue Danielle Marin\n57185 Gosselin', '13 741', 'Toussaint-les-Bains', 'Singapour');
INSERT INTO `user` (`id`, `delivery_address_id`, `billing_address_id`, `email`, `password`, `first_name`, `last_name`, `phone`, `newsletter_acceptance`) VALUES
(1, 1, 2, 'frederique.renaud@paris.fr', '8-71<nj', 'Marcel', 'Ferreira', '08 00 47 66 32', 0),
(2, 3, 3, 'edouard49@yahoo.fr', '{.SfWAt8tg8#p', 'Frédérique', 'Besnard', '+33 (0)2 65 92 59 16', 1),
(3, 4, 4, 'tlevy@gmail.com', '!j#|%pf$T9%\\h<C\'', 'Alphonse', 'Boucher', '09 35 35 45 72', 1),
(4, 5, 6, 'boucher.colette@noos.fr', '~S?,dt]S//;4', 'Grégoire', 'Vidal', '+33 (0)8 20 15 31 24', 0),
(5, 7, 8, 'reynaud.alfred@noos.fr', 'Q)m#\'Kp[x', 'Suzanne', 'Gimenez', '01 11 66 00 86', 1),
(6, 9, 10, 'jean52@ollivier.net', 'T*N2JkF|c)cm]KWZbb', 'Édouard', 'Gregoire', '0316824568', 1),
(7, 11, 11, 'qleduc@jean.net', 'JU)mmsXL;p:', 'Christophe', 'Diallo', '09 24 36 58 71', 0),
(8, 12, 12, 'veronique.thierry@bonneau.fr', '80;^.{Fmiin]$w/H4(Z', 'Nicolas', 'Royer', '0507182611', 1),
(9, 13, 14, 'marthe65@gmail.com', '=n\\i6xa;', 'Lucas', 'Le Roux', '02 38 30 91 24', 0),
(10, 15, 15, 'denise39@meunier.com', 'fwx[kGr#S9~$J', 'Raymond', 'Albert', '+33 (0)5 23 61 08 24', 0),
(11, 16, 16, 'ojoseph@voila.fr', '(_R7+j', 'Joséphine', 'Benard', '+33 1 89 48 16 19', 0),
(12, 17, 17, 'emmanuel92@menard.fr', '_j/!J}Te.kBF', 'Maryse', 'Berger', '+33 (0)6 20 71 35 64', 1),
(13, 18, 19, 'navarro.raymond@fernandez.com', 'U)#Nt0k8&B}Ife', 'Hortense', 'Seguin', '+33 1 27 83 86 70', 0),
(14, 20, 21, 'lucas45@gmail.com', 'q`ylC}#6xTE', 'Aurélie', 'Charrier', '0262056095', 1),
(15, 22, 22, 'josette65@bourdon.fr', '4y$TIF', 'Dominique', 'Bigot', '+33 7 39 04 42 49', 0),
(16, 23, 24, 'alexandre.jules@legall.fr', '&l(|^7QR', 'Noémi', 'Duval', '01 82 21 90 77', 0),
(17, 25, 26, 'sylvie92@bouygtel.fr', 'lT4=zj^1P', 'Olivie', 'Collin', '+33 1 01 14 60 92', 1),
(18, 27, 28, 'gregoire89@mace.com', '$red:VM', 'Édouard', 'Lopes', '+33 (0)7 72 08 11 37', 1),
(19, 29, 30, 'colin.louis@samson.org', 'j+R\\\\%', 'Nicolas', 'Julien', '07 41 32 46 78', 0),
(20, 31, 32, 'aurore70@free.fr', '9bE\'>m)y\'>CBKBIsg[6', 'Benjamin', 'Ollivier', '+33 (0)8 23 17 46 96', 0),
(21, 33, 34, 'valette.hugues@orange.fr', '3yFj?D$\";l,3(FG2s`9m', 'Alexandre', 'Bonnin', '+33 1 12 42 23 96', 1),
(22, 35, 36, 'francoise89@voila.fr', '+m\"524>M*S}', 'Hortense', 'Reynaud', '+33 3 64 27 33 22', 1),
(23, 37, 37, 'gilbert.wagner@voila.fr', '@-N0x2BoG[$0VQ|}rPuw', 'Richard', 'Coulon', '+33 (0)9 39 25 90 48', 0),
(24, 38, 38, 'margot.bodin@briand.net', 'z_V:0)?', 'Zoé', 'Philippe', '01 72 09 33 34', 0),
(25, 39, 39, 'mercier.camille@ifrance.com', 'E_].ZqOQ>[4\"', 'Christophe', 'Couturier', '09 43 11 20 74', 0),
(26, 40, 41, 'brunet.michel@blanc.net', 'ON5lXK)Kp0yV', 'Marguerite', 'Legrand', '+33 1 73 52 68 62', 1),
(27, 42, 43, 'emilie.thibault@laposte.net', 'o+ev})#a*1:zx,&', 'Astrid', 'Tanguy', '01 91 57 98 10', 1),
(28, 44, 45, 'ithomas@sfr.fr', 'DhMYt#*H4y$o', 'Laure', 'Chauvet', '+33 (0)4 34 06 22 89', 1),
(29, 46, 46, 'gilles03@tele2.fr', '@TOP#VmI,Z_;8dQs', 'Margot', 'Leclerc', '+33 5 40 99 02 62', 0),
(30, 47, 47, 'astrid.valette@lopes.fr', 'g@N?HD4Z', 'Théodore', 'Morin', '0257959615', 1),
(31, 48, 49, 'bousquet.emilie@barbier.org', 'h\\w4zN]eM,O5J', 'Aurélie', 'Jacquot', '+33 (0)9 00 95 16 95', 1),
(32, 50, 51, 'benoit.charrier@guillon.fr', '8h$:ylj=JBOZ!nM5&H', 'Eugène', 'Allain', '0594187317', 0),
(33, 52, 53, 'guillaume.noel@lamy.com', '*3LWKS', 'Lucas', 'Martineau', '+33 (0)7 39 61 75 52', 0),
(34, 54, 55, 'grenier.nath@weber.fr', ':1\'->u6', 'Matthieu', 'Bourdon', '+33 5 96 48 54 35', 1),
(35, 56, 56, 'pruvost.michele@prevost.net', 'F]>,#Fx`\'n]g-Mj', 'Jean', 'Hardy', '+33 (0)5 97 24 01 43', 0),
(36, 57, 57, 'rene.maurice@lacroix.com', 'P@6\'Gy]TCI$', 'Olivier', 'Barbe', '+33 8 19 21 76 68', 0),
(37, 58, 58, 'seguin.benoit@tiscali.fr', '\'d|\\zR!>V', 'Odette', 'Martel', '0559766183', 0),
(38, 59, 60, 'brigitte.moreno@lambert.com', 'yKP@6\\mV!T~5\")', 'Stéphane', 'Robert', '+33 1 32 34 88 33', 1),
(39, 61, 61, 'frederic.bourgeois@voila.fr', 'LWt.vNkzW\")a3s', 'René', 'Rocher', '06 60 47 73 84', 1),
(40, 62, 63, 'margaret27@tessier.com', 'HPo\'wOjF)Ado?hr(Bm', 'Christine', 'Cousin', '0159135629', 0);
INSERT INTO `article` (`id`, `author_id`, `category_id`, `name`, `slug`, `content`) VALUES
(1, 20, 10, 'accusantium', 'at-sed-soluta-temporibus-nihil-sunt-ut', 'Velit saepe impedit iure. Non pariatur earum qui. Qui est sapiente est quis quisquam. Aut quae quia repudiandae ex.'),
(2, 20, 10, 'qui', 'voluptatem-mollitia-culpa-esse-sint-officia', 'Doloremque vitae sit corporis facere ut fuga aut. Enim doloribus illo adipisci aspernatur iure porro impedit. Ratione voluptate eligendi soluta sapiente.'),
(3, 20, 10, 'pariatur', 'et-sed-impedit-quo-nesciunt', 'Doloribus delectus ut quo a id natus sunt. Tenetur qui rerum sit architecto doloribus pariatur consequatur qui. Consequuntur consequatur quas dicta autem.'),
(4, 20, 10, 'est', 'quam-pariatur-molestiae-est-quos', 'Ducimus officiis veritatis officia accusamus. Sunt minus eligendi sunt ad dolores magnam. Impedit omnis perferendis dolor nihil nam debitis sunt officia.'),
(5, 20, 10, 'culpa', 'dolores-sed-repellendus-ut', 'Recusandae voluptatem illum eius enim labore non recusandae. Quibusdam non possimus voluptas nobis. Asperiores labore facilis in harum animi iure. Distinctio nisi culpa iusto.'),
(6, 20, 10, 'et', 'ut-voluptas-doloremque-voluptatem-voluptatibus-dolorem-porro', 'Incidunt qui enim iusto deleniti sint est alias dolores. Aut adipisci modi aut voluptate. Sint sapiente sit quia similique consequatur rerum labore. Ea rem ex possimus sit ipsum rerum dolores.'),
(7, 20, 10, 'quia', 'dolorem-consequuntur-accusantium-architecto-tenetur-numquam-provident', 'Ex assumenda ut perspiciatis nostrum. Exercitationem illum ut quis tempora rerum. Perspiciatis dolor dolores et quas.'),
(8, 20, 10, 'vero', 'laudantium-quas-dolore-eligendi-quas-commodi-veritatis-rerum', 'Cupiditate praesentium sed soluta velit. Ut maxime sint velit velit nobis et eius ipsa. Hic rem eum omnis.'),
(9, 20, 10, 'voluptate', 'dicta-sint-voluptas-adipisci-sunt-et', 'Sit inventore alias architecto dolor et itaque. Ipsa praesentium velit autem fugiat esse dolor ut. Est ex cum quasi iste assumenda ut. Asperiores sit officiis dolorem fuga.'),
(10, 20, 10, 'sunt', 'quod-illo-ducimus-sapiente-et', 'Quasi quia est sequi. Culpa est dolor quia occaecati. Doloremque placeat sed voluptatem. Quidem rerum quisquam ipsa necessitatibus commodi inventore.'),
(11, 20, 10, 'et', 'molestias-molestiae-et-quia-ipsam-dignissimos', 'Dolor reprehenderit repudiandae ut et. Exercitationem et omnis minus at quidem. Dolor sed et odit architecto. In dolorum et culpa dolor.'),
(12, 20, 10, 'modi', 'sit-labore-adipisci-voluptas-sunt-at-natus', 'Commodi soluta itaque et est deserunt ut est. Id pariatur officiis et rerum enim. Dolores vitae explicabo quia eos non deserunt architecto. Temporibus nihil omnis temporibus enim.'),
(13, 20, 10, 'deserunt', 'doloremque-suscipit-qui-quia-et', 'Ea est nemo quod magnam impedit. Laborum placeat maxime et aut ut temporibus tempore. Velit nam error aut. Dolorem aliquid qui dicta libero voluptatem quis quibusdam.'),
(14, 20, 10, 'et', 'et-tenetur-odio-error-ad-beatae', 'Deleniti vitae commodi inventore facilis. Exercitationem esse repudiandae officiis aut alias. Dolore sit dolore exercitationem accusantium maxime optio dolor.'),
(15, 20, 10, 'blanditiis', 'et-quia-rerum-dolores-quia-aut-illo', 'Modi hic minus aut dolor quaerat. Cumque dolores error deleniti aspernatur et iure maxime. Iusto amet repellat quam.'),
(16, 20, 10, 'qui', 'eveniet-dignissimos-expedita-delectus-sapiente-veritatis-earum', 'Repudiandae aliquam error totam est voluptatum similique. Quo molestiae est mollitia eius est. Eaque enim aut sint alias labore nostrum deleniti. Voluptatem dolorem rem at et soluta nihil.'),
(17, 20, 10, 'quia', 'delectus-ea-praesentium-aut-quia-dolor', 'Perspiciatis maxime non modi quos consequatur. Aperiam esse aspernatur eligendi delectus. Et at impedit modi ratione voluptatem deserunt.'),
(18, 20, 10, 'rerum', 'tempore-delectus-perferendis-necessitatibus-vel-expedita-quis-fugiat-ipsam', 'Sit animi quis nisi corrupti omnis. Aliquam et ut vel officia. Ea dignissimos error blanditiis excepturi quia expedita sed nobis.'),
(19, 20, 10, 'nulla', 'distinctio-nisi-eum-voluptatibus', 'Ut sit ipsam cumque vel consequatur labore reiciendis. Mollitia iusto sunt mollitia sit dolorem labore. Ratione non delectus sit sint.'),
(20, 20, 10, 'id', 'est-totam-aut-dolore-perferendis-tenetur-harum-quam', 'Et in culpa qui repellat voluptatibus nisi. Sint minus sit repudiandae eaque non autem vel est. Eum quia sit soluta eum ut sint.'),
(21, 20, 10, 'praesentium', 'mollitia-a-nesciunt-quos-minima-iusto-blanditiis', 'Similique cumque atque velit. Sequi aut eum accusantium aperiam eveniet. Illo harum minus eum error distinctio enim maxime.'),
(22, 20, 10, 'sunt', 'dolore-et-et-sint-sequi-modi-qui-et', 'Omnis qui voluptas minus suscipit. Quo placeat animi repellendus et rerum consequuntur dolor. Repellendus est voluptas ab.'),
(23, 20, 10, 'deleniti', 'voluptatum-corrupti-repellat-labore-sit', 'Blanditiis animi optio reiciendis molestias aliquam. Et voluptatem in repellendus officiis. In ut ab et aut nihil impedit. Expedita ea et ad exercitationem occaecati.'),
(24, 20, 10, 'est', 'quis-est-quia-sed-consequatur', 'Voluptatem consequatur autem ad unde consequatur rem repellendus. Voluptatem fuga sed nam atque. Aut amet aut dolores et ullam qui voluptas. Velit sed ut quidem quia.'),
(25, 20, 10, 'corrupti', 'eum-sed-sunt-velit-quis', 'Ut nisi eum quibusdam in iure. Ut eveniet cumque eveniet vel. Omnis voluptatem voluptas tenetur aut voluptatibus id.'),
(26, 20, 10, 'vel', 'ipsa-ut-ut-laborum-quisquam-nostrum-distinctio-temporibus-libero', 'Soluta deserunt non qui mollitia quia. Delectus ipsum et quae sed facilis deserunt. Atque rerum blanditiis facere autem illo doloribus impedit.'),
(27, 20, 10, 'amet', 'provident-cum-reiciendis-tempora-maiores', 'Vel minus reiciendis ullam atque totam. Unde aliquam pariatur sapiente. In consectetur qui laborum ut consequatur porro. Autem aut et enim maiores.'),
(28, 20, 10, 'rerum', 'reiciendis-similique-placeat-facilis-tempora', 'Beatae non sit cum labore. Nobis dolorem magni occaecati qui eum. Et quod molestias sit magnam commodi cumque molestiae. Sequi asperiores eligendi necessitatibus.'),
(29, 20, 10, 'aut', 'praesentium-quae-inventore-minima-necessitatibus-earum-sint', 'Dolore culpa consectetur dignissimos minima sint dignissimos omnis. Illo ex doloribus doloremque sed nam. Excepturi earum perspiciatis ut qui.'),
(30, 20, 10, 'quis', 'consequatur-quia-qui-nemo-inventore', 'Et amet quisquam quia suscipit magni est iusto et. Hic dicta reprehenderit tempora est consequuntur eaque.'),
(31, 40, 20, 'odit', 'dolorum-corrupti-doloribus-quae-vel-odit-deserunt-eos', 'Est et reiciendis nemo at. Tempora accusantium quia deserunt occaecati laudantium. Veniam sit et quis aliquam quod rerum.'),
(32, 40, 20, 'laboriosam', 'laboriosam-quasi-dignissimos-qui-magnam', 'Sit illo sequi dolore quod qui. Vel reiciendis quis sed ex repudiandae voluptate rerum. Possimus omnis quia alias et beatae ut.'),
(33, 40, 20, 'laboriosam', 'nesciunt-laudantium-quas-et-doloremque', 'Et laudantium libero odit. Omnis fuga ut veniam id qui nobis aut modi. Earum nostrum tenetur architecto totam nobis autem. Deleniti et ut minus et non qui vitae.'),
(34, 40, 20, 'voluptatem', 'voluptatibus-animi-fugiat-qui-aperiam-ut-mollitia-unde', 'Voluptatibus vel a qui est quas laborum vero. Sed maxime ad placeat eum possimus modi. Aperiam temporibus in blanditiis et non vitae. Officia necessitatibus rerum omnis qui hic maxime odit.'),
(35, 40, 20, 'molestiae', 'iusto-sint-distinctio-et-quia-debitis-quis-ut', 'Officia est fuga minima fugit. Facere dolor impedit repudiandae aut molestias. Quas at eius possimus ut facilis. Quia voluptatem numquam quia similique accusantium nihil quasi.'),
(36, 40, 20, 'sequi', 'velit-sed-recusandae-minima-quos-asperiores-ut-aut', 'Voluptas illo tempora et et. Sequi dolores minima ut. Numquam qui earum qui aspernatur voluptatem.'),
(37, 40, 20, 'incidunt', 'id-rerum-ullam-et-placeat-aliquam-eos', 'Omnis et exercitationem et eos. In ducimus perspiciatis culpa adipisci. Doloremque ea eos facere quia quod illo recusandae quas. Non minima odit debitis consequatur natus quas.'),
(38, 40, 20, 'cupiditate', 'quo-omnis-perferendis-ad-vitae-suscipit-perspiciatis-dolorum', 'Atque suscipit sequi fuga dolore minus. Tempora voluptatum facere explicabo vitae quia et enim.'),
(39, 40, 20, 'reprehenderit', 'libero-dolor-dolores-nihil-fugit', 'Expedita pariatur non inventore blanditiis. Maiores numquam aut aut in. Blanditiis aut minus dolor. Excepturi consequatur eos rerum quasi totam eum. Id in enim et aut delectus adipisci.'),
(40, 40, 20, 'velit', 'et-omnis-tempore-blanditiis-adipisci-reprehenderit', 'Est ducimus odio facilis explicabo. Libero ut quasi ut ut. Numquam sint voluptas delectus doloribus maxime quo. Aut natus quidem non sed animi fugit.'),
(41, 40, 20, 'odit', 'reprehenderit-ratione-id-quia-voluptatem', 'Eius dicta natus quo voluptatem. Et asperiores molestias omnis aliquid aut voluptates aut.'),
(42, 40, 20, 'dicta', 'voluptas-ullam-sint-sint-ut-et-qui', 'Voluptatum accusamus cum dolores quod eius. Qui ratione enim dolores cumque. Et quisquam aut id accusantium autem in quisquam. Explicabo est et magnam sunt autem odio.'),
(43, 40, 20, 'expedita', 'sint-beatae-quia-nisi-aperiam', 'Impedit architecto earum iure expedita aliquid. Totam temporibus laudantium dolorum. Alias natus sequi asperiores quas commodi. Est voluptas at eos est.'),
(44, 40, 20, 'tenetur', 'dignissimos-omnis-unde-sequi-ut-qui-vero-suscipit', 'Consequuntur ea eum itaque facere nulla sit. Nam fuga magnam dolorem eaque distinctio delectus nesciunt. Atque vitae et aliquid voluptatum molestias quibusdam consequatur.'),
(45, 40, 20, 'inventore', 'excepturi-explicabo-aut-dolores-dolorem-voluptas', 'Libero molestiae cupiditate amet ut nesciunt dolorem. Similique eos voluptates quis qui quo vitae autem perspiciatis. Corrupti blanditiis consequatur ducimus in blanditiis.'),
(46, 40, 20, 'ullam', 'vel-eveniet-dolor-maiores-cum-unde', 'Qui aut fuga aut vero id est. Qui tempore consectetur voluptatem qui ab in. Beatae id aut ullam assumenda corrupti excepturi. Suscipit deserunt voluptatibus sed fugiat laudantium est sunt.'),
(47, 40, 20, 'dolor', 'quia-voluptas-laborum-doloribus-quibusdam', 'At voluptatem doloribus beatae. Ea omnis aut illum. Consequatur ex maiores ut aut. Eius aut repellat excepturi dolorem incidunt aut placeat ullam. Commodi aut dolore et in similique alias.'),
(48, 40, 20, 'ullam', 'dolorum-dignissimos-dolorum-omnis-optio-quia', 'Id et quis vero ut sunt non. Est qui harum quo temporibus doloremque.'),
(49, 40, 20, 'beatae', 'omnis-et-velit-asperiores-officiis-quos-quis', 'Voluptates excepturi eum fugiat. Aut dolorem repellat impedit ea consequatur dolorem modi. Sapiente officiis magni facere reiciendis.'),
(50, 40, 20, 'consequatur', 'et-dolore-ut-cum-cum-dolores-id', 'Minima quaerat veniam aut molestiae dolor. Sed tenetur nobis aut fugiat enim sed. Aperiam vitae ipsum alias aliquam dolor aliquam. Velit in est beatae eius dolores non veritatis.'),
(51, 40, 20, 'saepe', 'delectus-distinctio-ad-quia-quis-iste-amet-architecto-aliquam', 'Laboriosam corrupti expedita quo totam cupiditate quibusdam laudantium. Optio repellendus ea delectus harum facilis. Facere mollitia quia repellendus distinctio provident cumque et.'),
(52, 40, 20, 'facilis', 'eveniet-distinctio-non-est-debitis-non-eligendi', 'Maxime ut veritatis voluptates similique molestiae exercitationem. Ut consequatur quod molestias et repudiandae. Ea accusamus repellat cum occaecati sed labore magnam.'),
(53, 40, 20, 'ut', 'et-ea-eius-architecto-autem-qui-perferendis', 'Inventore consequatur eligendi laboriosam. Suscipit nesciunt nam qui doloribus accusamus dolorem.'),
(54, 40, 20, 'quia', 'voluptatem-illo-quidem-cum-quia-tempora-aut', 'Sunt vitae atque eveniet rem excepturi. Non delectus maxime facilis sit officiis ipsum est tenetur. Temporibus rerum optio nulla. Quos excepturi qui qui.'),
(55, 40, 20, 'cumque', 'non-incidunt-reprehenderit-enim-iure-quis-veritatis-quisquam', 'Sint rerum aliquam est earum impedit iure ut. Quibusdam sed blanditiis reiciendis unde exercitationem repudiandae explicabo. Aut et mollitia vero ipsam. Molestias mollitia aliquam voluptatem.'),
(56, 40, 20, 'eius', 'possimus-voluptas-reprehenderit-enim-autem-vel', 'Et ut cum voluptatem incidunt. Non veritatis vitae ratione nobis quas non. Modi ab consequatur aut. Consequatur aut quo ducimus sequi dolorem porro adipisci ut.'),
(57, 40, 20, 'iusto', 'eum-molestiae-commodi-excepturi', 'Dolorum totam reprehenderit quia id harum possimus. Impedit eius minima consequatur quo alias et. Ullam consequatur distinctio nam ut optio ipsam laboriosam voluptatem.'),
(58, 40, 20, 'libero', 'necessitatibus-dolorem-eveniet-reiciendis-necessitatibus-reprehenderit', 'Voluptas et cum a vel et repellat. Quidem est deleniti illo ipsum ducimus quasi quos. Quos rerum modi error.'),
(59, 40, 20, 'dolores', 'nostrum-suscipit-ut-qui-rem-aut-ut', 'Assumenda quas rerum tempore sit nostrum eligendi. Ipsa consequuntur sint dolore nobis eum nemo voluptas. Maxime quis labore est qui ipsam eveniet.'),
(60, 40, 20, 'est', 'cum-modi-molestias-ea-omnis-blanditiis-ipsam-sunt', 'Vel doloremque est sunt. Non totam illo temporibus eos minus est. Inventore quia occaecati dolorem blanditiis quibusdam.');
INSERT INTO `file` (`id`, `name`, `uri`, `order_file`, `alt_file`) VALUES
(1, 'eius', 'https://lorempixel.com/640/480/?26448', 6, 'Id doloremque aut asperiores. Accusamus totam animi voluptatem vitae perspiciatis quisquam illo. Et aliquid quibusdam voluptatum dolore.'),
(2, 'officiis', 'https://lorempixel.com/640/480/?70016', 29, 'Saepe molestiae omnis vel aut vero. Ratione et minus odit quia porro. Aut dolorem molestias quos corporis asperiores harum. Et earum placeat esse consequuntur.'),
(3, 'id', 'https://lorempixel.com/640/480/?17363', 34, 'Voluptates placeat dolor similique rerum. Quis alias architecto rerum necessitatibus magni officiis. Repellat dolores nobis quae unde est sequi molestiae.'),
(4, 'enim', 'https://lorempixel.com/640/480/?99459', 48, 'Libero ipsam vero accusantium mollitia eligendi quo. Debitis rerum harum animi. Non perferendis odio sunt.'),
(5, 'quasi', 'https://lorempixel.com/640/480/?71103', 41, 'Impedit aliquam nisi et labore nulla. Tempora eaque sequi eum sunt aut labore. Sed itaque molestiae fugit sapiente. Est facere ab laboriosam totam architecto nostrum.'),
(6, 'facilis', 'https://lorempixel.com/640/480/?39653', 8, 'Quae reprehenderit sunt atque omnis exercitationem nobis ut. Perferendis dolores eveniet deleniti sit sint rerum. Unde quo eos voluptate sit consequatur nulla.'),
(7, 'voluptatem', 'https://lorempixel.com/640/480/?57826', 5, 'Ratione repudiandae sit in rerum quas id commodi eum. Ad non distinctio fugit nostrum ea deleniti quae nesciunt. Fugit nihil beatae repellat odio dolore. Est et est cum error.'),
(8, 'dolor', 'https://lorempixel.com/640/480/?66416', 31, 'Maiores ut quia et vel magni. Ut praesentium vitae in iure qui expedita est. Perferendis doloremque consectetur necessitatibus voluptatem. Ipsa nisi culpa culpa aut est.'),
(9, 'nisi', 'https://lorempixel.com/640/480/?95137', 29, 'Nulla sit quidem eum similique velit aspernatur numquam. Quis voluptas dignissimos quo similique corrupti. Voluptatibus voluptas illo aspernatur illo corrupti culpa. Quisquam ut impedit impedit.'),
(10, 'iure', 'https://lorempixel.com/640/480/?17151', 38, 'Ratione molestiae veritatis nam. Non incidunt magnam occaecati occaecati voluptatem. Eos voluptatibus dicta est quae.'),
(11, 'tenetur', 'https://lorempixel.com/640/480/?57697', 8, 'Cupiditate incidunt optio ducimus impedit fuga amet non. Qui quaerat expedita hic voluptatem eum.'),
(12, 'facilis', 'https://lorempixel.com/640/480/?37875', 3, 'Et ut exercitationem aperiam. Est non et ipsam vel fugit. Ea odit optio vel in sint error eligendi nihil.'),
(13, 'aut', 'https://lorempixel.com/640/480/?75981', 26, 'Reprehenderit ut voluptatem numquam tempora vel voluptas. Animi est voluptatem impedit non optio ut. Impedit soluta minima non in autem molestiae et id.'),
(14, 'reiciendis', 'https://lorempixel.com/640/480/?56588', 32, 'Iure quod veritatis aliquid corrupti et. Ipsam soluta sit error voluptatum. Libero eius quo corrupti quo.'),
(15, 'rerum', 'https://lorempixel.com/640/480/?33070', 33, 'Voluptatem necessitatibus neque consectetur optio aut rerum doloremque. Libero ea veniam cum dolorem.'),
(16, 'eveniet', 'https://lorempixel.com/640/480/?12664', 30, 'Praesentium eos illum dolor aspernatur vel excepturi. Iusto sit voluptatem sit provident enim. Minima repudiandae esse in qui.'),
(17, 'fugiat', 'https://lorempixel.com/640/480/?40338', 34, 'Enim vel dolorum vel deserunt quasi accusamus. Autem sed non sit qui numquam facere. Mollitia facere rerum aut quam vero sequi.'),
(18, 'labore', 'https://lorempixel.com/640/480/?91966', 26, 'Suscipit culpa praesentium commodi eos vitae unde maxime. Praesentium ut consectetur voluptatibus omnis. Nostrum saepe qui inventore et doloremque qui.'),
(19, 'nisi', 'https://lorempixel.com/640/480/?49128', 42, 'Corrupti id et accusantium. Voluptatem ratione accusamus corrupti ducimus modi minima.'),
(20, 'ut', 'https://lorempixel.com/640/480/?82395', 12, 'Rerum reiciendis consectetur asperiores. Et quibusdam et distinctio animi dolorem fugiat. Recusandae harum sit aspernatur a in omnis.'),
(21, 'magni', 'https://lorempixel.com/640/480/?85336', 33, 'Laboriosam sequi atque assumenda optio cumque sed porro aut. Ut fugit non corrupti. Ex quaerat ea ipsa ipsam. Sunt ducimus et fuga voluptates.'),
(22, 'possimus', 'https://lorempixel.com/640/480/?99990', 13, 'Aut suscipit sint quidem provident qui. Ratione quos quis magni dolor porro. Consequatur veritatis voluptatum non eaque.'),
(23, 'odit', 'https://lorempixel.com/640/480/?85214', 9, 'Rem itaque quod suscipit quae. Omnis labore voluptatem similique doloremque et iusto. Consequatur qui hic aut quia laudantium ullam nostrum.'),
(24, 'est', 'https://lorempixel.com/640/480/?31239', 4, 'Quod reprehenderit harum eum omnis quis voluptas nam tenetur. Suscipit et distinctio omnis est aut rerum. Distinctio labore aut et.'),
(25, 'eveniet', 'https://lorempixel.com/640/480/?47152', 4, 'Pariatur itaque nesciunt inventore eos sint. Sed hic tempore repellendus quas. Et ut architecto facere eos doloremque.'),
(26, 'voluptatem', 'https://lorempixel.com/640/480/?88018', 0, 'Non incidunt laboriosam ab sunt. Atque libero perspiciatis similique doloremque. Magni repellat qui blanditiis eum expedita non. Doloribus et corrupti quia cumque autem ut.'),
(27, 'nam', 'https://lorempixel.com/640/480/?88648', 38, 'Id iure laudantium aut voluptas ut. Odit perferendis nostrum occaecati pariatur nesciunt officia quo. Omnis consequatur voluptatem aperiam dicta occaecati rerum dolores.'),
(28, 'sequi', 'https://lorempixel.com/640/480/?96737', 33, 'Eaque repellendus possimus soluta reprehenderit architecto iusto earum. Non beatae impedit et. Aliquam dolorem ullam suscipit dolorem assumenda omnis. Non sequi nobis alias eum enim harum incidunt.'),
(29, 'aperiam', 'https://lorempixel.com/640/480/?25098', 27, 'Aspernatur vero consequatur quia dolor deserunt. Possimus atque iusto explicabo facilis.'),
(30, 'ut', 'https://lorempixel.com/640/480/?69184', 25, 'Iure odit alias occaecati accusamus. Dolores et odit temporibus quidem. Voluptatem non quia sunt omnis. Ipsum eveniet inventore blanditiis accusantium ipsum natus sunt.'),
(31, 'incidunt', 'https://lorempixel.com/640/480/?96768', 30, 'Vitae ducimus voluptatibus temporibus quibusdam doloribus velit dolorum delectus. Assumenda mollitia eos natus perferendis reprehenderit. Sapiente qui ad soluta consequatur quo.'),
(32, 'impedit', 'https://lorempixel.com/640/480/?31371', 5, 'Labore voluptate voluptates aut. Autem natus et dolore quia delectus error id. Quia ea delectus provident numquam ea.'),
(33, 'neque', 'https://lorempixel.com/640/480/?98881', 5, 'Omnis quos perferendis eveniet saepe quia aut illo. Adipisci soluta voluptas ea voluptatem dolor ut. Sapiente voluptate qui eaque omnis eius.'),
(34, 'at', 'https://lorempixel.com/640/480/?52082', 6, 'Illum quo et est. Id totam in est et eaque iusto autem. Officia omnis qui explicabo.'),
(35, 'nisi', 'https://lorempixel.com/640/480/?14706', 12, 'Alias omnis aliquam repellat deleniti laudantium ipsam. Perferendis repudiandae nobis alias aut. Aliquid accusamus sint eius quia officiis ut.'),
(36, 'quo', 'https://lorempixel.com/640/480/?18996', 22, 'Dolor expedita est et error eveniet qui. Velit ea amet aut in quisquam. Est deserunt sequi asperiores nulla consequatur aliquam omnis velit. Et doloremque illum aut sit aut beatae.'),
(37, 'dolores', 'https://lorempixel.com/640/480/?38553', 45, 'Dolores excepturi eos impedit iusto. Quia quibusdam ea hic omnis eaque. Iste dignissimos optio aliquam distinctio. Id laborum rerum temporibus repellat.'),
(38, 'repellendus', 'https://lorempixel.com/640/480/?25546', 33, 'Quis sunt ut qui reprehenderit. Soluta officia impedit qui quod error. At nisi dolor illo ut.'),
(39, 'est', 'https://lorempixel.com/640/480/?15091', 9, 'Maxime vitae rerum officia et et. Qui harum voluptas ut velit. Sed dolores est omnis harum et ducimus sint. Maiores hic hic doloribus quibusdam velit sint soluta.'),
(40, 'in', 'https://lorempixel.com/640/480/?98155', 34, 'Et totam amet ullam provident sapiente ut dolorum. Voluptates deserunt enim atque quia perspiciatis officiis vel. Tempora repudiandae dignissimos hic rem iusto consequuntur nam.'),
(41, 'possimus', 'https://lorempixel.com/640/480/?82178', 13, 'Iusto modi aut rerum quo dolor enim. Quae assumenda et aut. Praesentium voluptatem voluptatem autem.'),
(42, 'dolorum', 'https://lorempixel.com/640/480/?88327', 18, 'Dolorem alias est laboriosam. Velit est rerum voluptas est corporis vero quis. Ut esse sunt repellendus alias.'),
(43, 'tempora', 'https://lorempixel.com/640/480/?45493', 33, 'Suscipit corporis accusantium omnis ab. Dicta temporibus accusantium minus vel sit itaque vel eius. Itaque et repellendus sapiente asperiores at maiores maiores.'),
(44, 'quo', 'https://lorempixel.com/640/480/?94993', 8, 'Consectetur dignissimos nesciunt aliquam. Sapiente et modi vel aut. Impedit nobis velit tempora eos ut illo repudiandae.'),
(45, 'omnis', 'https://lorempixel.com/640/480/?36247', 5, 'Non aut culpa ut ut minus illo facere. Ut debitis temporibus et sint. Quaerat ducimus eius culpa illo. Odio sint vero consectetur dolores molestiae. Vel modi iste optio recusandae sint deleniti.'),
(46, 'error', 'https://lorempixel.com/640/480/?66476', 1, 'Saepe labore ducimus enim reprehenderit. Qui enim ipsam et eveniet minus architecto. Corporis voluptatem soluta aut provident. Minus dolores earum doloribus velit amet eum est sint.'),
(47, 'sed', 'https://lorempixel.com/640/480/?62198', 15, 'Dicta est rerum incidunt deleniti doloremque. Est nobis non id eveniet et molestiae numquam.'),
(48, 'at', 'https://lorempixel.com/640/480/?24010', 42, 'Ratione expedita et et quidem sint eum error. Deleniti mollitia voluptatibus amet et aut excepturi et. Dignissimos et voluptatum in non repudiandae voluptas.'),
(49, 'ea', 'https://lorempixel.com/640/480/?10622', 29, 'Eligendi neque est in dolorem ab est debitis. Sunt enim placeat vitae animi molestias vitae quia sint. Quos sed vel et.'),
(50, 'exercitationem', 'https://lorempixel.com/640/480/?11098', 44, 'Quo voluptas voluptates totam ut cupiditate minus qui. Nobis enim et qui omnis quidem. Soluta corrupti qui eos autem ad quis porro.'),
(51, 'ratione', 'https://lorempixel.com/640/480/?34112', 36, 'Cumque sed veniam dicta fugit nostrum ea qui. Dicta aut voluptatum omnis quasi quia animi. Autem aut aliquid id cumque nulla error eos. Qui quo corrupti numquam quasi delectus.'),
(52, 'totam', 'https://lorempixel.com/640/480/?36630', 33, 'Voluptatem magnam doloribus atque repellendus quibusdam dolore. Sint aspernatur tenetur quo voluptas exercitationem. Aperiam repudiandae tempora aut alias voluptatum voluptas assumenda.'),
(53, 'nam', 'https://lorempixel.com/640/480/?81877', 15, 'Blanditiis nostrum esse et. Voluptatibus doloribus ipsa laboriosam. Harum molestias fugit id placeat. Cumque commodi natus delectus voluptatem dicta iure.'),
(54, 'voluptas', 'https://lorempixel.com/640/480/?45794', 15, 'Et enim qui aliquam quia. Eius incidunt sed quia alias. Sint ipsa similique nihil saepe omnis.'),
(55, 'eum', 'https://lorempixel.com/640/480/?45662', 26, 'Et molestias sit asperiores atque enim. Est est ex nam quo. Corporis quae est qui aut. Necessitatibus aperiam dignissimos dolorem sed culpa numquam.'),
(56, 'voluptatem', 'https://lorempixel.com/640/480/?23537', 11, 'Impedit ut officiis similique impedit. Expedita et id autem dicta. Et eos magni autem nobis explicabo voluptatem. Animi inventore dolores quia non aut minus autem iure.'),
(57, 'corrupti', 'https://lorempixel.com/640/480/?29432', 18, 'Laboriosam vero sint ab corporis tempore cumque et odio. Veritatis voluptas aspernatur necessitatibus. Doloremque dolorem et voluptas voluptatem.'),
(58, 'hic', 'https://lorempixel.com/640/480/?21445', 33, 'Inventore nemo dolore amet eaque. Aut non eos nihil ut nulla. Minus quia perspiciatis dolorem veritatis. Sed odio nihil necessitatibus omnis nam soluta.'),
(59, 'error', 'https://lorempixel.com/640/480/?29490', 13, 'Voluptas corrupti beatae et laudantium debitis. Quo repudiandae adipisci cum laboriosam magnam quo dolorem. Molestiae consectetur rem molestiae.'),
(60, 'labore', 'https://lorempixel.com/640/480/?41868', 50, 'Sit ipsum dolor quaerat pariatur. Quia atque sapiente vel voluptas. Culpa voluptate minima veniam porro doloribus. Ipsam sed non repudiandae consequatur et.');
INSERT INTO `message` (`id`, `subject_id`, `author_id`, `state`) VALUES
(1, 10, 20, 'ab'),
(2, 10, 20, 'nostrum'),
(3, 10, 20, 'rerum'),
(4, 10, 20, 'aut'),
(5, 10, 20, 'vel'),
(6, 10, 20, 'dignissimos'),
(7, 10, 20, 'voluptatem'),
(8, 10, 20, 'odio'),
(9, 10, 20, 'autem'),
(10, 10, 20, 'aspernatur'),
(11, 10, 20, 'consequatur'),
(12, 10, 20, 'nihil'),
(13, 10, 20, 'voluptatibus'),
(14, 10, 20, 'distinctio'),
(15, 10, 20, 'reprehenderit'),
(16, 10, 20, 'dolorem'),
(17, 10, 20, 'temporibus'),
(18, 10, 20, 'qui'),
(19, 10, 20, 'dicta'),
(20, 10, 20, 'unde'),
(21, 10, 20, 'architecto'),
(22, 10, 20, 'magni'),
(23, 10, 20, 'ratione'),
(24, 10, 20, 'ut'),
(25, 10, 20, 'qui'),
(26, 10, 20, 'non'),
(27, 10, 20, 'omnis'),
(28, 10, 20, 'nam'),
(29, 10, 20, 'laboriosam'),
(30, 10, 20, 'ratione'),
(31, 10, 20, 'quasi'),
(32, 10, 20, 'repellat'),
(33, 10, 20, 'sequi'),
(34, 10, 20, 'voluptatibus'),
(35, 10, 20, 'mollitia'),
(36, 10, 20, 'voluptatum'),
(37, 10, 20, 'et'),
(38, 10, 20, 'error'),
(39, 10, 20, 'quibusdam'),
(40, 10, 20, 'labore'),
(41, 20, 40, 'accusantium'),
(42, 20, 40, 'amet'),
(43, 20, 40, 'esse'),
(44, 20, 40, 'suscipit'),
(45, 20, 40, 'laborum'),
(46, 20, 40, 'aspernatur'),
(47, 20, 40, 'voluptatem'),
(48, 20, 40, 'deserunt'),
(49, 20, 40, 'soluta'),
(50, 20, 40, 'et'),
(51, 20, 40, 'ratione'),
(52, 20, 40, 'et'),
(53, 20, 40, 'est'),
(54, 20, 40, 'accusamus'),
(55, 20, 40, 'enim'),
(56, 20, 40, 'architecto'),
(57, 20, 40, 'et'),
(58, 20, 40, 'quisquam'),
(59, 20, 40, 'aut'),
(60, 20, 40, 'consectetur'),
(61, 20, 40, 'ut'),
(62, 20, 40, 'ut'),
(63, 20, 40, 'omnis'),
(64, 20, 40, 'quas'),
(65, 20, 40, 'voluptatem'),
(66, 20, 40, 'voluptatem'),
(67, 20, 40, 'sit'),
(68, 20, 40, 'quos'),
(69, 20, 40, 'quasi'),
(70, 20, 40, 'velit'),
(71, 20, 40, 'quia'),
(72, 20, 40, 'quia'),
(73, 20, 40, 'voluptate'),
(74, 20, 40, 'voluptas'),
(75, 20, 40, 'optio'),
(76, 20, 40, 'vero'),
(77, 20, 40, 'ab'),
(78, 20, 40, 'laboriosam'),
(79, 20, 40, 'sint'),
(80, 20, 40, 'perspiciatis');
INSERT INTO `newsletter` (`id`, `author_id`, `subject`, `content`) VALUES
(1, 20, 'aut', 'Placeat nisi qui amet vel nihil. Commodi nisi deleniti debitis voluptatem quaerat nulla quos. Voluptas unde possimus vel. Asperiores non voluptatem consequatur harum maiores magni.'),
(2, 20, 'aut', 'Hic quis voluptatum sit sunt est tempore tempora. Iure rerum quisquam accusamus ducimus. Similique eos cumque est amet reprehenderit.'),
(3, 20, 'velit', 'Quibusdam eos nam repudiandae ut et quas asperiores. Qui corrupti ea animi et. Ducimus ea voluptas laboriosam cupiditate quos.'),
(4, 20, 'quaerat', 'Aspernatur tempora temporibus qui inventore velit commodi quam inventore. Porro dolor facilis voluptas error quos. Temporibus fugiat architecto distinctio a. Et sint voluptatem ab natus.'),
(5, 20, 'sint', 'Libero ea est eum labore ipsum nesciunt. Impedit voluptas temporibus quod dolores quaerat. Sed qui voluptate sit.'),
(6, 20, 'porro', 'Quia maiores quia error sit et vel. Quod quos aut nulla commodi enim fugit. Aut rerum vitae molestiae.'),
(7, 20, 'aut', 'Nesciunt nostrum officiis ipsa dignissimos dolore suscipit. Quia in et laudantium. Voluptatibus non voluptatem facilis dicta id.'),
(8, 20, 'in', 'Inventore excepturi quas velit ad vel corporis odio. Quia qui iusto velit cupiditate. Aspernatur ipsum debitis nostrum aspernatur magnam. Quis corporis ullam quo nesciunt excepturi.'),
(9, 20, 'eos', 'Esse officia et magni dicta est commodi rerum rerum. Eum et est sint nam id ut deserunt est. Temporibus error dolores ut praesentium.'),
(10, 20, 'sed', 'Sit occaecati eum adipisci eveniet. Provident cum quo nobis consequuntur molestiae. Cupiditate accusamus voluptatem ratione dicta. Sed commodi dolor enim sequi quidem nostrum.'),
(11, 20, 'aut', 'Ipsa aperiam repellat optio ipsa sit. Enim nesciunt amet qui ut. Et ea vel aliquid aut. Voluptas nisi omnis ratione ipsa.'),
(12, 20, 'ut', 'Voluptatem ab suscipit sit aut et ullam in. Recusandae quia quam velit voluptatum. Excepturi voluptatibus voluptatem fugit architecto.'),
(13, 20, 'veritatis', 'Corrupti eos laborum ut illo. Sit ut natus minus corrupti reprehenderit quibusdam possimus. Earum temporibus repudiandae rem modi cupiditate.'),
(14, 20, 'ut', 'Rem dolores expedita voluptas similique necessitatibus nihil minima ad. Architecto dolores ut omnis fuga.'),
(15, 20, 'facere', 'Et ut reiciendis incidunt iusto rerum. Cum sint ut modi aut assumenda id. Odit corporis eaque aut ex. Et culpa beatae tempora explicabo et labore.'),
(16, 20, 'soluta', 'Nesciunt vitae iure omnis libero aspernatur. Eum ea praesentium eligendi saepe et quo ipsa.'),
(17, 20, 'est', 'Voluptas et in soluta dolorem ea accusamus quia. Optio laudantium provident sit reprehenderit deserunt. Repudiandae nihil iste dolorem. Eum sed repellendus sit consectetur ad totam vitae.'),
(18, 20, 'est', 'Nesciunt iste et est ex et dolorem soluta. Molestias in qui sed ullam dicta. Doloribus iste consequuntur illo nobis quam voluptates facilis. Dolor dolorem eveniet veniam itaque ipsam eum ab aut.'),
(19, 20, 'consequuntur', 'Est pariatur adipisci libero vel ut. Illum in reprehenderit omnis. Nisi quibusdam est ratione incidunt minima voluptas nemo et.'),
(20, 20, 'illo', 'Dolore repudiandae sit dolor exercitationem est. Earum reprehenderit omnis pariatur at. Provident ullam qui quisquam placeat tempora distinctio delectus.'),
(21, 20, 'quae', 'Nisi nihil earum quo. Blanditiis ab autem ducimus neque. Blanditiis tempore accusamus unde dicta.'),
(22, 20, 'dolor', 'Qui nemo consequatur dolor dolorem praesentium cupiditate reiciendis. Voluptatem quidem qui ut assumenda. Veritatis eaque dolorem quia iusto sunt eveniet voluptatem.'),
(23, 20, 'voluptates', 'Quos ipsum tempora rem et explicabo optio pariatur. Maiores qui velit aut iure inventore et. Id aut enim illo quia fugit nisi.'),
(24, 20, 'id', 'Nemo repellendus officiis fugiat nihil enim sit. Id pariatur vel quis ut illum reprehenderit aut. Quos rerum eligendi amet maxime. Dicta magni delectus hic aut quia.'),
(25, 20, 'inventore', 'Non impedit consequuntur eaque nisi sed. Sed voluptatem qui omnis. Adipisci doloribus iste natus sed. Eveniet sunt et esse quia illum vel perferendis.'),
(26, 20, 'consequatur', 'Ut illum alias voluptatibus saepe voluptas. Explicabo odit unde cumque tempore aut omnis. Voluptas voluptate et qui.'),
(27, 20, 'delectus', 'Sed minus ullam qui. Nobis minus ducimus fugiat culpa omnis quo. Beatae quae ipsum cum molestias laudantium. Reiciendis ut quo eum libero aut sunt sunt.'),
(28, 20, 'dolor', 'Quia adipisci pariatur ipsa autem quod beatae necessitatibus. Sunt non perspiciatis sit et eius earum soluta voluptatem. Facere voluptatum nulla sapiente amet saepe quasi. Et labore et id ullam.'),
(29, 20, 'id', 'Blanditiis est excepturi odio reiciendis. Fugiat et et cum. Quam nisi delectus asperiores cum quis sint neque corporis. Quasi ea et qui.'),
(30, 20, 'autem', 'Ipsum dolor vel veritatis saepe sunt ullam. Eveniet ut non corrupti ab. Modi repellat in totam possimus commodi architecto.'),
(31, 20, 'et', 'Delectus itaque sunt soluta ut magni delectus blanditiis. Eum possimus tempore voluptas a voluptates. Id sit delectus voluptatem doloremque dolore. Sed molestiae rerum nobis quisquam iure.'),
(32, 20, 'tempora', 'Quasi culpa facilis dolores soluta aut. Qui ut est voluptates tempora sequi ab nobis. Magni porro dolorum occaecati ea fuga delectus eligendi. Voluptatibus ex occaecati et ratione.'),
(33, 20, 'inventore', 'Velit quo recusandae ex deleniti officiis qui. Nesciunt et labore veritatis consequuntur nesciunt possimus. Et vero et omnis delectus possimus iusto. Odio nihil et ipsam accusantium nihil qui.'),
(34, 20, 'nihil', 'Sed eos laudantium soluta unde repellendus quis. Nemo iste odio sunt explicabo aut facere vero. Ea harum quasi maxime et.'),
(35, 20, 'et', 'Repudiandae error vero ut id enim. Sed odio repellat cupiditate assumenda. Iste sed dicta sit maiores dicta.'),
(36, 20, 'ratione', 'Omnis ut perferendis voluptatibus aut beatae cum vel rerum. Repellendus in non explicabo earum quod itaque. Aliquam culpa ut consectetur et.'),
(37, 20, 'vero', 'Quaerat perferendis similique dolorum labore. Numquam harum omnis qui magni. Id saepe cumque saepe vel hic. Eaque voluptatum id consectetur quam.'),
(38, 20, 'ratione', 'Ad quasi corporis magni tempore assumenda. Voluptatem sit laudantium magnam facere non eaque dolores sit. Natus quae ducimus reiciendis ut nemo.'),
(39, 20, 'autem', 'Laudantium corporis qui culpa nihil iusto. Voluptas quia deleniti illo inventore excepturi minus omnis. Ea et consequatur aut voluptatibus et asperiores facere quo. Rerum excepturi et est.'),
(40, 20, 'qui', 'Provident veniam sint nobis enim. Quia id quaerat rem perspiciatis et est sequi cum. Provident dolorum sint facere eum commodi atque. Eaque fuga ut quam ab cum quia.'),
(41, 40, 'veritatis', 'Eum ut consequatur fuga explicabo. Sit quia ducimus eos et. Labore quisquam amet voluptatem. Qui omnis iste voluptas amet atque cum.'),
(42, 40, 'qui', 'Sed iure modi vitae mollitia doloribus natus. Voluptatem aperiam et non. Libero et id ex qui voluptatem illum. Voluptates totam perferendis quod.'),
(43, 40, 'dolore', 'At ut minima eos similique a sint quisquam. Accusantium est aut esse reiciendis vel.'),
(44, 40, 'minima', 'Optio cum molestiae nam temporibus autem. Ipsa qui harum occaecati autem qui itaque. Neque soluta molestiae beatae ipsa iure id incidunt. Debitis ducimus reprehenderit sunt sit.'),
(45, 40, 'autem', 'Eum totam blanditiis sapiente autem optio. Et quia debitis iusto voluptas esse officiis temporibus non. Voluptatem reiciendis eaque rerum inventore sed.'),
(46, 40, 'non', 'Ut dolores occaecati aspernatur est et. Est cumque voluptatibus iste. Sint debitis officiis temporibus et.'),
(47, 40, 'odit', 'Ut pariatur animi dolorum veniam tenetur dolores omnis. Et molestiae aut voluptate dignissimos eius nulla illo. Velit in sunt repellendus reiciendis cum id ut.'),
(48, 40, 'aut', 'Omnis aliquid quam a doloremque nostrum sed maxime. Maiores qui quisquam culpa et dicta deleniti. Possimus perspiciatis et distinctio dicta vero. Repellendus sed ut est et animi deserunt.'),
(49, 40, 'perspiciatis', 'Aut eveniet sed eaque provident minus. Corporis blanditiis voluptatem dolorum aut a dolor omnis. Assumenda possimus voluptatem et debitis numquam eos. Impedit vero labore eligendi asperiores.'),
(50, 40, 'assumenda', 'Blanditiis et dignissimos enim et totam. Sequi quia molestiae et consequuntur perferendis ad. Nihil nesciunt quia voluptas culpa amet qui tempore reiciendis.'),
(51, 40, 'placeat', 'Possimus sed officiis quia est praesentium officia vitae. Tempora ea voluptate tempora rerum.'),
(52, 40, 'voluptas', 'Sint quae mollitia tenetur cumque. Iusto maiores voluptates et tempora unde. Praesentium deleniti natus non assumenda minima cumque quae.'),
(53, 40, 'quidem', 'Cum enim omnis sunt. Eaque doloribus reprehenderit et. Nemo esse placeat dolor sit. Repudiandae in sit id eaque. Nemo ea maiores voluptatum. Sed et quia ipsa adipisci.'),
(54, 40, 'similique', 'Veritatis eum provident est illo est. Repellendus nisi eum sint quo quasi sint. Reprehenderit aut aut tempore nisi. Rem sint qui cumque a error voluptatem quasi exercitationem.'),
(55, 40, 'nobis', 'Voluptatibus vel nihil ex. Necessitatibus iste illum sunt doloribus quia non voluptatum. Voluptate odit deserunt aut qui rem ut ut rerum. Assumenda omnis est culpa et asperiores molestias tenetur.'),
(56, 40, 'modi', 'Consequatur veritatis quos nihil. Voluptatem incidunt nostrum doloribus non. Error qui incidunt deserunt. Quasi doloribus porro ullam dolorem neque libero.'),
(57, 40, 'ut', 'Et corrupti qui ab nisi rerum quia aperiam corrupti. Architecto maiores nisi voluptates sint. Enim qui occaecati molestiae rerum ratione impedit.'),
(58, 40, 'aspernatur', 'Natus illo enim et rerum tempora quia. Ipsum voluptatibus ad voluptas libero. Quia perferendis corrupti maxime vel rerum. Qui odit autem consectetur quibusdam debitis.'),
(59, 40, 'adipisci', 'Quia occaecati libero eum ut. Itaque a magni sit optio. Quod itaque sapiente iusto laboriosam. Itaque illum deleniti molestiae eum.'),
(60, 40, 'provident', 'Harum est ex cumque sit quo enim ipsum. Omnis voluptatum quidem quis et minima. Ad impedit molestiae dolores autem id esse et.'),
(61, 40, 'amet', 'Dolorum aut nostrum et sunt saepe in dolore. Omnis aliquam doloremque cupiditate qui.'),
(62, 40, 'illum', 'Facilis sapiente deserunt et odit consequatur ea voluptatibus et. Consectetur omnis natus ducimus est dicta et ipsum. Nobis quo excepturi voluptates debitis iste.'),
(63, 40, 'non', 'Molestiae necessitatibus excepturi quasi sit blanditiis. Consequatur mollitia nihil labore.'),
(64, 40, 'maiores', 'Incidunt blanditiis deserunt aspernatur tempora repellendus. Sunt dolor eligendi ut numquam culpa quia. Nam id sed minima. Possimus autem qui nostrum itaque a iste.'),
(65, 40, 'dolorum', 'Nesciunt ullam et nihil laboriosam consequatur. Sed alias et animi et. Dolores dicta tenetur vero tenetur.'),
(66, 40, 'consequuntur', 'Et sunt tenetur et dolor veniam facilis quam. Sapiente molestiae omnis soluta similique aut modi quia. Inventore commodi laborum perspiciatis nam sapiente.'),
(67, 40, 'autem', 'Odio quas amet accusantium fugit sed. Labore aut veritatis exercitationem est et. Odio nostrum optio sint veniam asperiores.'),
(68, 40, 'quos', 'Ullam earum consequuntur voluptatem est. Eius et iure expedita qui sit et. Aliquid quas aut et praesentium sit quia.'),
(69, 40, 'blanditiis', 'Iusto id ut possimus blanditiis sint eaque corporis. Alias ut aut nisi.'),
(70, 40, 'maxime', 'Sed assumenda fugiat sed quam illo qui necessitatibus adipisci. Voluptatem quo ut sequi ipsa non iure qui molestias. Laboriosam iure laboriosam voluptatem et dolorem.'),
(71, 40, 'harum', 'Non iure voluptatem distinctio laudantium vero quo molestiae. Et est ratione excepturi provident pariatur neque et. Possimus magnam vero et perspiciatis cupiditate eius et dolorum.'),
(72, 40, 'explicabo', 'Facilis qui illo dicta enim eaque sit sed. Dolores rem sint ipsum autem veniam et quo.'),
(73, 40, 'quo', 'Dolor corrupti aliquam deserunt. Occaecati ullam voluptatem quasi quia. Reiciendis commodi cumque aut saepe. Odit qui suscipit in odit.'),
(74, 40, 'quam', 'Eum distinctio earum minus nam aliquid magnam porro. Et qui distinctio aliquam voluptatem sunt. Atque et beatae debitis unde perspiciatis. Voluptas sed rerum blanditiis inventore.'),
(75, 40, 'quasi', 'Dicta est enim ut. Incidunt ratione dicta mollitia sit amet et. Ut sed aut iste dolorum repellat. Aspernatur quo ipsa consectetur aut.'),
(76, 40, 'reprehenderit', 'Voluptas voluptatem non ut sequi. Voluptatem quisquam rerum tempora quidem. Et sapiente aut earum laborum quia omnis. Commodi iste ex qui quis quam.'),
(77, 40, 'optio', 'Consequatur veniam et totam consequatur perspiciatis animi animi quae. Omnis quos nisi rerum natus. Et aut facilis aliquam quia suscipit eaque alias sit.'),
(78, 40, 'rerum', 'Consequatur odit exercitationem aut eum. Fugiat et ea hic ducimus consectetur ducimus. Cum odio eius dolores eligendi et.'),
(79, 40, 'magni', 'Labore non laborum fuga totam qui. Minus qui omnis et odit eum. Deserunt dolore animi quas est blanditiis. Minus nemo vero aut est.'),
(80, 40, 'quia', 'Qui non earum labore consequatur. Ducimus ad cupiditate eos dolor voluptas placeat fugiat. Perspiciatis aliquam rerum qui cum sequi. Soluta natus ut qui quas tempore.');
INSERT INTO `product` (`id`, `author_id`, `category_id`, `name`, `slug`, `content`, `price_ht`, `price_ttc`, `quantity`) VALUES
(1, 20, 10, 'sed', 'consectetur-architecto-sint-eaque-est-delectus-voluptatem', 'Quos maiores et nostrum nobis modi adipisci. Nam labore quia libero dolorum aut nobis. Modi facere iure incidunt veritatis.', 20803, 12135, 45),
(2, 20, 10, 'deleniti', 'quidem-provident-vitae-aut-quas', 'Consequatur dolor veniam enim sunt ad dolorem sunt repudiandae. Ipsam ex minima sed consequuntur ut id quo.', 29399, 3349, 44),
(3, 20, 10, 'laborum', 'rerum-velit-aut-minima-quod-distinctio-facere', 'Quibusdam modi nostrum doloremque quia amet labore. Blanditiis ut cum ut voluptatem voluptas vel. Fugiat fugiat vero molestiae quam dicta velit illum. Voluptatem dolorum nostrum aut quo.', 15475, 29331, 19),
(4, 20, 10, 'officia', 'eligendi-expedita-ratione-inventore-at-et-et-molestiae-sit', 'Dignissimos at neque illo architecto alias sint sunt minima. Officia aut eos minima quo eaque ut. Neque ut optio consequatur nihil placeat.', 17075, 17373, 50),
(5, 20, 10, 'soluta', 'et-est-voluptatibus-praesentium-sed-quia', 'Autem molestiae doloribus dolorum debitis ipsum rerum expedita. Illo et at earum repellat natus.', 10537, 23861, 26),
(6, 20, 10, 'vel', 'harum-quos-voluptatibus-error-quis-dicta', 'Impedit dignissimos dolor qui alias. Quas suscipit cum deleniti quia sed incidunt. Numquam non explicabo illo et autem et ut. Asperiores et rerum blanditiis aliquam ab.', 3226, 15925, 14),
(7, 20, 10, 'rerum', 'rem-quam-aperiam-nam-mollitia-suscipit-rem-quo-necessitatibus', 'Dolor voluptas praesentium nulla eveniet qui quia sunt. Voluptates omnis consequatur rerum nam soluta. Praesentium quae corporis dolores nam.', 27791, 29166, 13),
(8, 20, 10, 'consequatur', 'error-ea-tempora-vitae-aperiam-iste-numquam', 'Assumenda quis earum odio eum temporibus omnis. Quos amet nulla maiores quam sit consequatur. Sit eius culpa qui.', 4271, 4313, 9),
(9, 20, 10, 'quidem', 'qui-animi-suscipit-neque-omnis-numquam', 'Soluta ut earum possimus deserunt. Omnis ea autem repellendus qui culpa vel sed repellendus. Hic non voluptatum consequuntur suscipit error aut voluptatem voluptate.', 13393, 28915, 33),
(10, 20, 10, 'molestias', 'nihil-aut-ea-animi', 'Vitae illum harum ex perferendis labore quas facilis. Est delectus blanditiis cum reiciendis eius. Autem minima ut dolorum neque quis. Quo voluptatibus harum sint id numquam.', 26866, 22743, 48),
(11, 20, 10, 'fugit', 'aut-perferendis-et-eum-dolores-neque', 'Libero vero omnis et totam vero. Rerum officia quasi qui sit voluptatem quo delectus. Fuga recusandae est blanditiis nam sit sunt quam. Voluptate neque architecto magnam et.', 24035, 7758, 19),
(12, 20, 10, 'quia', 'itaque-ipsam-accusamus-autem-quas-adipisci-ipsum-sint', 'Sint voluptas quas iure saepe excepturi architecto quas maxime. Sunt repellat ea eveniet. Mollitia non nostrum explicabo eos. Provident voluptatibus porro aliquid sunt numquam.', 13569, 25046, 31),
(13, 20, 10, 'aut', 'voluptatem-labore-hic-voluptas-illum-deserunt-est', 'Et ut aut quasi et est ut. Reiciendis itaque nesciunt aut modi dolorem quae modi. Ut accusantium ipsa quos sit. Quod commodi doloremque enim odio atque et. Excepturi iure itaque sint possimus.', 28706, 19881, 22),
(14, 20, 10, 'consequatur', 'sequi-dolorum-eum-quos-repellendus', 'Labore impedit mollitia praesentium ratione ratione dolore. Dolorem totam nostrum soluta enim. Assumenda occaecati consequuntur tenetur et. Quo ea quia ipsa qui.', 3085, 3471, 40),
(15, 20, 10, 'dicta', 'hic-minus-saepe-deleniti-corporis-harum-fugiat', 'Sed dolorum ad consequatur vero. Quia minima iure eaque harum eum. Ea ipsa enim debitis et. Doloribus ratione consequatur non assumenda nesciunt et rerum.', 5205, 27250, 42),
(16, 20, 10, 'voluptate', 'facilis-et-totam-itaque-qui-blanditiis-aut', 'Velit aspernatur molestiae nihil soluta asperiores. Sunt quos voluptas neque. Quae tenetur voluptatem sunt aut. Recusandae et sint nostrum iste sunt cupiditate qui.', 20588, 3975, 30),
(17, 20, 10, 'aut', 'qui-voluptas-laborum-harum-voluptas-ut', 'Molestiae aliquam iure nihil id laborum nobis. Quibusdam voluptas nihil maxime dolores optio.', 15482, 25602, 19),
(18, 20, 10, 'eum', 'debitis-et-quia-et-pariatur-autem', 'Tempora officiis tempora fuga dolorem tempore aut hic alias. Enim aut voluptatem inventore illum placeat aspernatur quia voluptate. Aut est dolore pariatur.', 24109, 15617, 22),
(19, 20, 10, 'totam', 'occaecati-sed-iste-unde-enim', 'Dolores ut et quam aliquid et harum dolores facere. A aperiam repellat molestias est sint sit magnam.', 10818, 4470, 23),
(20, 20, 10, 'commodi', 'fugiat-qui-veritatis-quae', 'Ut facere expedita vero. Rem sapiente eius rerum quis quia. Perferendis voluptatum est repellendus sed accusamus rerum nostrum. Quia ipsa veniam vero quia illo rerum.', 14397, 8342, 14),
(21, 20, 10, 'quo', 'ut-occaecati-mollitia-qui', 'Commodi iste ut fugit odio autem sunt ipsam. Dolorum fugiat et modi aliquam ut similique quidem.', 2290, 25072, 25),
(22, 20, 10, 'quibusdam', 'iure-quisquam-quisquam-et', 'Est exercitationem sint et. Aliquam vel tempore at quisquam rem eos voluptatem. Hic eum voluptatem ducimus. Neque laboriosam aut porro provident numquam.', 9809, 1624, 24),
(23, 20, 10, 'molestias', 'illo-itaque-sapiente-voluptatem-qui', 'Est laudantium repudiandae ut accusantium. Sed ex molestiae voluptatem ab similique. Numquam tempora quidem provident rem ducimus doloremque. Voluptatem est eius rem sit inventore cumque.', 22693, 14261, 16),
(24, 20, 10, 'vel', 'aut-repellat-optio-quaerat-possimus-consequatur-tenetur', 'Quia fugit dolorum eveniet harum consequatur minus eum sequi. Omnis minus deserunt beatae sit earum. Ex rem odio beatae. Molestiae rem rerum aut sit laudantium dolor. Id a dignissimos dolor iure.', 11031, 21692, 37),
(25, 20, 10, 'tempora', 'et-quo-repellendus-tempore-libero-dolorem', 'Facere quia nihil ut temporibus alias. Quasi libero ut provident dolor laboriosam deleniti. At et occaecati neque autem ut sed labore.', 7063, 17950, 32),
(26, 20, 10, 'quasi', 'doloribus-doloremque-soluta-voluptatem-eos-et', 'Dicta minima corrupti sit mollitia. Et nemo animi ea et tenetur molestiae deleniti molestiae. Et quidem porro reiciendis et necessitatibus.', 18368, 7788, 0),
(27, 20, 10, 'rerum', 'ut-ad-corrupti-magnam-soluta-eius', 'Id repellat dicta vel quam. Voluptates et ullam saepe ratione sint excepturi explicabo. Sed ab sunt architecto facere et. Hic quasi perspiciatis commodi debitis culpa minima numquam.', 16060, 27656, 48),
(28, 20, 10, 'possimus', 'sit-quaerat-incidunt-aut', 'Eligendi tenetur ipsum recusandae dolores. Ipsam illo dolores ut id molestias facere aut. Provident voluptas id consequuntur blanditiis sunt. Minus ullam dolorem fugit sed quia harum natus.', 8096, 10305, 24),
(29, 20, 10, 'error', 'maxime-autem-illum-assumenda-fugit', 'Sint eligendi maiores ab consequuntur et alias. Corporis est dolores repellendus qui.', 15477, 21915, 38),
(30, 20, 10, 'autem', 'voluptas-aspernatur-cupiditate-molestiae-repudiandae-commodi-tempora', 'Provident voluptatem laboriosam quam ut quo necessitatibus aspernatur. Nesciunt et rerum in tempore vero sit eius. Aut fugiat quo ad eius quia similique consequatur.', 9448, 9103, 11),
(31, 40, 20, 'dolorem', 'molestiae-numquam-numquam-ipsam-omnis-delectus-deleniti', 'Recusandae aspernatur deserunt dolor porro esse voluptas quia. Eum quam laboriosam aut aut reiciendis qui. Vel sunt corporis corrupti qui ex.', 10281, 24854, 42),
(32, 40, 20, 'et', 'nemo-temporibus-doloribus-non', 'Sunt sunt est modi dolore. Ex optio at voluptas accusamus veritatis ut porro. Sit quos cum quia odio sed. Et eum corrupti est inventore perspiciatis perferendis.', 14797, 27278, 31),
(33, 40, 20, 'rerum', 'accusamus-modi-nihil-temporibus-id', 'Praesentium nemo impedit laboriosam qui sit nemo modi esse. Nihil eos pariatur cum. Tempore iusto possimus sed quo rerum.', 18352, 22442, 5),
(34, 40, 20, 'ut', 'iure-sequi-maxime-quaerat', 'Ex qui quaerat blanditiis odit veritatis optio. Ut itaque magnam consequatur aut sit consequuntur. Libero ipsa explicabo asperiores. Totam ut corrupti omnis atque.', 6504, 23522, 36),
(35, 40, 20, 'aut', 'quos-magnam-placeat-eius-iure', 'Doloremque vitae amet magni pariatur libero doloribus. Unde adipisci magnam incidunt id totam accusamus quo. Dignissimos praesentium excepturi et libero placeat et temporibus.', 5291, 26587, 27),
(36, 40, 20, 'nobis', 'consequatur-deserunt-harum-provident-est-enim-natus-voluptas', 'Nobis ut animi sequi et est perspiciatis. Consectetur quas eaque suscipit magnam. Animi quod ut quia et.', 5225, 10751, 3),
(37, 40, 20, 'autem', 'est-rerum-qui-molestiae-id', 'Impedit qui ea hic ipsum. Nihil et voluptatem doloribus aut. Voluptas quod autem aut et suscipit harum.', 22762, 26534, 8),
(38, 40, 20, 'molestiae', 'ut-ullam-sapiente-laudantium-rerum-non-necessitatibus-quia-perferendis', 'Nihil rerum voluptas neque ullam est. Sint et iusto quos id. Officia ea est esse aut impedit aut beatae. Qui nemo est qui perferendis ipsa.', 6454, 21679, 2),
(39, 40, 20, 'deleniti', 'et-veritatis-est-quidem-nisi-sed-recusandae-similique', 'Vel vero ut non id est. Inventore quas itaque fuga voluptatem quia. Ut rerum odio iusto exercitationem aut harum et.', 15356, 28725, 13),
(40, 40, 20, 'nesciunt', 'vero-hic-expedita-id-et', 'Qui enim vel eius hic. Facere ad ad culpa et ut nihil fugiat.', 20010, 11522, 34),
(41, 40, 20, 'minima', 'exercitationem-veritatis-dolorem-ullam-sit-odit-a', 'Fugiat aut sunt soluta id. Atque neque non et corrupti aut consequuntur. Voluptates itaque aut porro earum placeat. Qui beatae ipsum optio impedit fuga aut.', 10925, 21869, 20),
(42, 40, 20, 'perspiciatis', 'odit-explicabo-iste-corporis-similique-fugit-et', 'Facere voluptas neque at esse facilis. Architecto reprehenderit itaque quam et repellat. Nobis rem atque velit eum possimus dolorem ipsam. Repellat eius laboriosam officia.', 25306, 25547, 4),
(43, 40, 20, 'sit', 'asperiores-doloremque-sint-nesciunt-velit', 'Necessitatibus ad beatae quidem quia natus porro ducimus. Incidunt aperiam reprehenderit accusantium facilis qui asperiores. Harum soluta sint maiores.', 22968, 6704, 49),
(44, 40, 20, 'non', 'hic-eveniet-minus-nisi-facilis-quisquam-et-quae-tempora', 'Est velit molestiae et reprehenderit quia quas. Porro nulla quod nesciunt quis corporis ut.', 2502, 8320, 33),
(45, 40, 20, 'saepe', 'ea-molestiae-dolores-rem-deleniti-distinctio-nobis-qui', 'Atque eum quos asperiores temporibus quo inventore cupiditate. Unde porro non voluptas excepturi ratione sapiente. Voluptatem dolorum quibusdam omnis ut non consequatur animi ad.', 9765, 14566, 27),
(46, 40, 20, 'mollitia', 'eum-asperiores-odio-sapiente', 'Laboriosam molestiae cumque aliquid ipsum voluptates. Optio culpa praesentium vitae voluptas iusto et.', 6484, 13682, 42),
(47, 40, 20, 'error', 'ea-eos-distinctio-commodi-quia-qui-sed', 'Magni nemo beatae eum repellendus. Quae commodi neque ut quia unde voluptas rem. Aperiam dolorem enim ut dolor quaerat.', 23785, 13107, 17),
(48, 40, 20, 'ullam', 'dolorem-optio-numquam-vero-voluptate-esse-odio-repellendus', 'Sit voluptas aliquam voluptatem voluptas voluptatem quibusdam dolor. Odio modi quae quaerat commodi. Atque earum dolore porro quis odit ut.', 14091, 14925, 20),
(49, 40, 20, 'est', 'officia-mollitia-pariatur-quo-sint', 'Modi sit quae neque ea corrupti molestiae error. Ut velit in impedit qui. Facere et ad velit magnam facilis eveniet.', 3942, 11981, 28),
(50, 40, 20, 'officiis', 'commodi-nulla-blanditiis-nesciunt-aut-sunt-et-consequatur', 'Dicta voluptatibus labore iste dolorem ab unde. At placeat quia ut iure amet suscipit. Sit in occaecati ut eum quod aut. Deleniti accusantium voluptatem ratione quis.', 23043, 22172, 10),
(51, 40, 20, 'consequatur', 'incidunt-sed-soluta-aut', 'Voluptates incidunt minus praesentium et. Enim aspernatur quia vitae adipisci veniam expedita quidem. Perspiciatis animi nam sapiente quae saepe dolor.', 14772, 11377, 9),
(52, 40, 20, 'quia', 'quis-expedita-enim-sunt', 'Vitae provident voluptatum placeat atque et ex ad. Asperiores earum quasi magni. Rerum eos dignissimos id.', 1125, 7906, 4),
(53, 40, 20, 'laboriosam', 'sed-quas-et-temporibus-reprehenderit-eveniet', 'Vel aut non harum iste nesciunt ullam. Nobis error est excepturi. Error consequatur et non perspiciatis eos.', 25320, 1013, 34),
(54, 40, 20, 'omnis', 'ut-animi-asperiores-omnis-quia-suscipit', 'Voluptate et dolorem consequuntur possimus. Impedit accusamus tenetur tenetur. Tempore minima illum expedita est qui eum. Praesentium nostrum consequatur ullam et voluptas.', 7566, 28224, 38),
(55, 40, 20, 'quia', 'ex-ullam-et-facere-et-quia-aut-nisi', 'Velit dignissimos voluptatem et sunt voluptas consequatur earum. Dolorem eum ducimus sed voluptatem ea quas et. Et voluptate quo commodi nostrum. Ut quia qui natus et deserunt minima.', 21619, 1497, 24),
(56, 40, 20, 'dolor', 'nulla-voluptatibus-ad-deserunt-ipsam-delectus-aliquam', 'Ut omnis repellendus eos repudiandae. Ullam ut quam ipsum voluptates. Sequi neque et reiciendis et. Soluta veniam ratione at eligendi.', 27134, 29077, 29),
(57, 40, 20, 'voluptatibus', 'cum-dolores-quia-est', 'Alias et voluptates nihil dolores. Sed adipisci doloribus voluptates dolorem amet veritatis. Aperiam repellendus repudiandae voluptatum ratione. Exercitationem id est at optio rerum consequatur.', 14723, 23834, 15),
(58, 40, 20, 'voluptas', 'officia-qui-officiis-eaque-corporis-placeat-error-qui', 'Sed magnam illum consequuntur nisi iusto. Odit vel optio enim ut rerum omnis. Quis dolor est voluptates placeat error aut quis.', 2114, 6785, 16),
(59, 40, 20, 'quos', 'repellendus-minima-velit-omnis-nihil-assumenda-magni', 'Minima vel repellendus quia. Ut alias voluptas quis voluptate aut quia. Neque porro quo excepturi et qui nihil.', 17864, 13972, 41),
(60, 40, 20, 'dolores', 'cupiditate-minima-qui-mollitia', 'Est reprehenderit at consectetur doloremque nihil ut ut. Ratione pariatur ut vitae suscipit dolores cumque. Consectetur qui qui fugit. Minus non sed sapiente reprehenderit soluta architecto unde.', 2600, 18506, 12);
INSERT INTO `message_file` (`message_id`, `file_id`) VALUES
(1, 1),
(1, 11),
(1, 21),
(1, 31),
(2, 2),
(2, 12),
(2, 22),
(2, 32),
(3, 3),
(3, 13),
(3, 23),
(3, 33),
(4, 4),
(4, 14),
(4, 24),
(4, 34),
(5, 5),
(5, 15),
(5, 25),
(5, 35),
(6, 6),
(6, 16),
(6, 26),
(6, 36),
(7, 7),
(7, 17),
(7, 27),
(7, 37),
(8, 8),
(8, 18),
(8, 28),
(8, 38),
(9, 9),
(9, 19),
(9, 29),
(9, 39),
(10, 10),
(10, 20),
(10, 30),
(10, 40),
(11, 11),
(11, 21),
(11, 31),
(11, 41),
(12, 12),
(12, 22),
(12, 32),
(12, 42),
(13, 13),
(13, 23),
(13, 33),
(13, 43),
(14, 14),
(14, 24),
(14, 34),
(14, 44),
(15, 15),
(15, 25),
(15, 35),
(15, 45),
(16, 16),
(16, 26),
(16, 36),
(16, 46),
(17, 17),
(17, 27),
(17, 37),
(17, 47),
(18, 18),
(18, 28),
(18, 38),
(18, 48),
(19, 19),
(19, 29),
(19, 39),
(19, 49);
INSERT INTO `bill` (`id`, `customer_id`, `request_date`, `acceptance_date`, `approved`, `email`) VALUES
(1, 16, '2020-02-02 00:00:00', '2020-02-03 00:00:00', 1, 'alexandre.jules@legall.fr'),
(2, 30, '2020-02-03 00:00:00', NULL, 0, 'astrid.valette@hotmail.fr');
INSERT INTO `company` (`id`, `email`, `password`, `first_name`, `last_name`, `phone`, `newsletter_acceptance`, `name`) VALUES
(1, 'lisa.sunshine@rayon2soleil.com', 'zlvn4zeopni', 'Lisa', 'Sunshine', '0606060606', 0, 'SunshineCop'),
(2, 'lucky.luke@dalton.tex', 'IloveDalton', 'Lucky', 'Luke', '0607080645', 1, 'BelgiVille');
INSERT INTO `product_bill` (`id`, `bill_id`, `quantity`) VALUES
(1, 1, 56),
(2, 2, 1);
INSERT INTO `product_bill_product` (`product_bill_id`, `product_id`) VALUES
(1, 13),
(1, 35);
INSERT INTO `article_file` (`article_id`, `file_id`) VALUES
(1, 1),
(1, 11),
(1, 21),
(1, 31),
(2, 2),
(2, 12),
(2, 22),
(2, 32),
(3, 3),
(3, 13),
(3, 23),
(3, 33),
(4, 4),
(4, 14),
(4, 24),
(4, 34),
(5, 5),
(5, 15),
(5, 25),
(5, 35),
(6, 6),
(6, 16),
(6, 26),
(6, 36),
(7, 7),
(7, 17),
(7, 27),
(7, 37),
(8, 8),
(8, 18),
(8, 28),
(8, 38),
(9, 9),
(9, 19),
(9, 29),
(9, 39),
(10, 10),
(10, 20),
(10, 30),
(10, 40),
(11, 11),
(11, 21),
(11, 31),
(11, 41),
(12, 12),
(12, 22),
(12, 32),
(12, 42),
(13, 13),
(13, 23),
(13, 33),
(13, 43),
(14, 14),
(14, 24),
(14, 34),
(14, 44),
(15, 15),
(15, 25),
(15, 35),
(15, 45),
(16, 16),
(16, 26),
(16, 36),
(16, 46),
(17, 17),
(17, 27),
(17, 37),
(17, 47),
(18, 18),
(18, 28),
(18, 38),
(18, 48),
(19, 19),
(19, 29),
(19, 39),
(19, 49);
INSERT INTO `newsletter_file` (`newsletter_id`, `file_id`) VALUES
(1, 11),
(1, 21),
(1, 31),
(2, 2),
(2, 12),
(2, 22),
(2, 32),
(3, 3),
(3, 13),
(3, 23),
(3, 33),
(4, 4),
(4, 14),
(4, 24),
(4, 34),
(5, 5),
(5, 15),
(5, 25),
(5, 35),
(6, 6),
(6, 16),
(6, 26),
(6, 36),
(7, 7),
(7, 17),
(7, 27),
(7, 37),
(8, 8),
(8, 18),
(8, 28),
(8, 38),
(9, 9),
(9, 19),
(9, 29),
(9, 39),
(10, 10),
(10, 20),
(10, 30),
(10, 40),
(11, 11),
(11, 21),
(11, 31),
(11, 41),
(12, 12),
(12, 22),
(12, 32),
(12, 42),
(13, 13),
(13, 23),
(13, 33),
(13, 43),
(14, 14),
(14, 24),
(14, 34),
(14, 44),
(15, 15),
(15, 25),
(15, 35),
(15, 45),
(16, 16),
(16, 26),
(16, 36),
(16, 46),
(17, 17),
(17, 27),
(17, 37),
(17, 47),
(18, 18),
(18, 28),
(18, 38),
(18, 48),
(19, 19),
(19, 29),
(19, 39),
(19, 49);
INSERT INTO `newsletter_user` (`newsletter_id`, `user_id`) VALUES
(1, 1),
(1, 11),
(1, 21),
(1, 31),
(2, 2),
(2, 12),
(2, 22),
(2, 32),
(3, 3),
(3, 13),
(3, 23),
(3, 33),
(4, 4),
(4, 14),
(4, 24),
(4, 34),
(5, 5),
(5, 15),
(5, 25),
(5, 35),
(6, 6),
(6, 16),
(6, 26),
(6, 36),
(7, 7),
(7, 17),
(7, 27),
(7, 37),
(8, 8),
(8, 18),
(8, 28),
(8, 38),
(9, 9),
(9, 19),
(9, 29),
(9, 39),
(10, 10),
(10, 20),
(10, 30),
(10, 39),
(11, 11),
(11, 21),
(11, 31),
(11, 20),
(12, 12),
(12, 22),
(12, 32),
(12, 13),
(13, 13),
(13, 23),
(13, 33),
(13, 34),
(14, 14),
(14, 24),
(14, 34),
(15, 15),
(15, 25),
(15, 35),
(15, 16),
(16, 16),
(16, 26),
(16, 36),
(16, 8),
(17, 17),
(17, 27),
(17, 37),
(17, 34),
(18, 18),
(18, 28),
(18, 38),
(18, 24),
(19, 19),
(19, 29),
(19, 39),
(19, 16);
INSERT INTO `product_file` (`product_id`, `file_id`) VALUES
(1, 1),
(1, 11),
(1, 21),
(1, 31),
(2, 2),
(2, 12),
(2, 22),
(2, 32),
(3, 3),
(3, 13),
(3, 23),
(3, 33),
(4, 4),
(4, 14),
(4, 24),
(4, 34),
(5, 5),
(5, 15),
(5, 25),
(5, 35),
(6, 6),
(6, 16),
(6, 26),
(6, 36),
(7, 7),
(7, 17),
(7, 27),
(7, 37),
(8, 8),
(8, 18),
(8, 28),
(8, 38),
(9, 9),
(9, 19),
(9, 29),
(9, 39),
(10, 10),
(10, 20),
(10, 30),
(10, 40),
(11, 11),
(11, 21),
(11, 31),
(11, 41),
(12, 12),
(12, 22),
(12, 32),
(12, 42),
(13, 13),
(13, 23),
(13, 33),
(13, 43),
(14, 14),
(14, 24),
(14, 34),
(14, 44),
(15, 15),
(15, 25),
(15, 35),
(15, 45),
(16, 16),
(16, 26),
(16, 36),
(16, 46),
(17, 17),
(17, 27),
(17, 37),
(17, 47),
(18, 18),
(18, 28),
(18, 38),
(18, 48),
(19, 19),
(19, 29),
(19, 39),
(19, 49);
INSERT INTO `quotation` (`id`, `company_id`, `request_date`, `acceptance_date`, `approved`, `email`) VALUES
(1, 1, '2020-02-03 00:00:00', NULL, 0, 'lisa.sunshine@mail.fr'),
(2, 2, '2020-02-01 00:00:00', '2020-02-02 00:00:00', 1, 'joe.dalton@mail.fr');
INSERT INTO `resume` (`id`, `delivery_address_id`, `billing_address_id`, `request_date`, `acceptance_date`, `approved`, `email`) VALUES
(1, NULL, NULL, '2013-11-08 07:33:31', '1993-07-24 01:52:30', 1, 'rey.noel@bouygtel.fr'),
(2, NULL, NULL, '1975-09-22 23:49:58', '1971-04-12 08:23:11', 1, 'laure.martel@petitjean.com'),
(3, NULL, NULL, '2012-03-26 14:30:09', '1999-10-27 17:54:50', 1, 'jean.laporte@leger.com'),
(4, NULL, NULL, '1978-06-07 04:42:24', '1997-02-02 06:23:03', 1, 'georges.bodin@tiscali.fr'),
(5, NULL, NULL, '2014-11-21 00:11:39', '2015-05-05 22:41:04', 1, 'gauthier.alain@laposte.net'),
(6, NULL, NULL, '1978-02-23 17:27:38', '2003-11-12 23:15:49', 0, 'moreau.henri@laurent.com'),
(7, NULL, NULL, '1998-12-25 20:56:16', '1986-01-20 13:29:44', 0, 'josephine23@tele2.fr'),
(8, NULL, NULL, '2009-06-27 05:13:45', '1982-03-29 06:16:57', 1, 'margot.desousa@lefevre.com'),
(9, NULL, NULL, '2013-06-28 01:17:25', '2016-09-05 17:52:42', 0, 'nguillet@tiscali.fr'),
(10, NULL, NULL, '2018-04-09 15:50:37', '1997-10-01 18:40:34', 0, 'foucher.gerard@barbe.com'),
(11, NULL, NULL, '2005-09-28 02:34:16', '2007-05-25 11:46:38', 1, 'olivier.chauveau@valentin.org'),
(12, NULL, NULL, '2007-06-01 08:34:02', '2019-08-15 06:42:37', 0, 'astrid.normand@petitjean.com'),
(13, NULL, NULL, '2009-10-13 10:33:04', '1972-02-21 20:56:08', 1, 'juliette.brunel@live.com'),
(14, NULL, NULL, '2002-09-16 00:58:24', '1978-01-27 16:57:05', 1, 'agathe38@ifrance.com'),
(15, NULL, NULL, '1997-05-14 15:45:23', '2010-04-03 01:53:54', 0, 'uparent@duval.fr'),
(16, NULL, NULL, '1984-10-27 11:11:50', '1974-06-28 19:26:02', 0, 'bdupuis@sfr.fr'),
(17, NULL, NULL, '1981-04-13 01:38:44', '2003-01-07 09:50:48', 0, 'celina.legrand@clerc.com'),
(18, NULL, NULL, '1994-10-28 17:04:15', '2001-08-12 22:56:21', 1, 'ruiz.anne@bouygtel.fr'),
(19, NULL, NULL, '1980-10-02 11:57:55', '2018-09-10 04:26:06', 0, 'aime.leroy@noos.fr'),
(20, NULL, NULL, '1999-12-06 19:01:41', '2017-01-28 19:14:20', 0, 'bernard33@blondel.fr'),
(21, NULL, NULL, '1994-05-25 03:58:12', '2001-03-23 11:26:59', 1, 'adrien.simon@dufour.org'),
(22, NULL, NULL, '1980-09-17 10:38:30', '1986-10-08 09:23:41', 1, 'ifabre@laposte.net'),
(23, NULL, NULL, '1973-11-05 20:21:31', '2008-12-06 05:03:56', 0, 'xmarion@guilbert.fr'),
(24, NULL, NULL, '1984-02-29 00:45:57', '1985-07-20 15:06:21', 0, 'david00@hotmail.fr'),
(25, NULL, NULL, '2012-10-07 09:40:28', '2001-11-17 16:32:43', 1, 'diaz.claude@free.fr'),
(26, NULL, NULL, '1972-11-01 05:31:40', '2009-04-01 04:14:00', 0, 'verdier.patrick@hubert.com'),
(27, NULL, NULL, '2006-06-09 23:43:16', '1990-05-03 02:15:34', 0, 'odette34@lopez.com'),
(28, NULL, NULL, '2018-11-21 07:34:12', '1994-11-21 01:22:05', 0, 'rousseau.marc@live.com'),
(29, NULL, NULL, '1998-01-15 00:55:54', '2004-04-03 02:48:33', 0, 'agnes97@tele2.fr'),
(30, NULL, NULL, '1979-06-19 01:36:37', '1998-06-17 02:29:03', 0, 'tanguy.zacharie@orange.fr'),
(31, NULL, NULL, '1989-04-02 04:04:21', '1981-11-18 00:09:48', 0, 'michel.julien@bouygtel.fr'),
(32, NULL, NULL, '1985-11-25 07:22:29', '2006-01-29 02:03:39', 1, 'antoinette.ledoux@vasseur.org'),
(33, NULL, NULL, '1985-05-27 13:14:29', '1995-07-05 14:25:14', 1, 'lecoq.dominique@live.com'),
(34, NULL, NULL, '2019-01-24 14:57:44', '2009-08-30 17:53:52', 0, 'henriette.techer@ferrand.com'),
(35, NULL, NULL, '1980-09-15 17:53:33', '2004-03-27 08:16:08', 0, 'qleblanc@roussel.fr'),
(36, NULL, NULL, '2014-06-27 14:43:36', '1977-04-25 13:40:43', 0, 'charles71@ifrance.com'),
(37, NULL, NULL, '1990-01-12 11:08:14', '1971-05-13 11:45:13', 1, 'edupont@pelletier.com'),
(38, NULL, NULL, '1986-11-21 19:37:46', '2006-02-19 23:58:18', 0, 'anne81@hotmail.fr'),
(39, NULL, NULL, '2003-05-06 00:22:17', '1976-12-01 19:25:47', 1, 'foucher.bernard@live.com'),
(40, NULL, NULL, '1990-09-17 10:48:53', '2012-07-17 09:38:58', 1, 'frederic.fouquet@remy.com'),
(41, NULL, NULL, '2018-03-07 23:23:14', '2006-10-06 05:11:28', 0, 'christine78@delannoy.org'),
(42, NULL, NULL, '1970-09-03 18:38:31', '2008-10-02 05:49:21', 0, 'slagarde@noos.fr'),
(43, NULL, NULL, '2004-01-25 13:19:04', '1984-02-10 04:52:15', 0, 'dupuy.gilbert@free.fr'),
(44, NULL, NULL, '1970-01-08 07:18:54', '1972-03-24 12:06:04', 1, 'dguyot@yahoo.fr'),
(45, NULL, NULL, '1991-04-29 19:25:46', '2012-09-22 14:58:40', 0, 'thibault11@dbmail.com'),
(46, NULL, NULL, '1995-07-11 14:14:54', '1987-05-05 08:43:06', 0, 'durand.rene@wanadoo.fr'),
(47, NULL, NULL, '2017-02-28 12:41:00', '2016-01-03 04:22:52', 1, 'vaillant.elise@joly.com'),
(48, NULL, NULL, '1972-11-09 13:59:15', '2018-04-24 12:07:07', 0, 'gleconte@hotmail.fr'),
(49, NULL, NULL, '1970-01-22 06:44:43', '1991-08-22 16:28:57', 0, 'hugues46@laposte.net'),
(50, NULL, NULL, '2001-11-22 11:31:54', '2015-04-25 12:21:23', 1, 'jules01@roche.fr'),
(51, NULL, NULL, '2012-01-22 13:59:18', '2000-11-21 16:20:51', 1, 'wlefebvre@voila.fr'),
(52, NULL, NULL, '1970-11-23 13:00:11', '1990-05-19 05:56:21', 0, 'gerard96@sfr.fr'),
(53, NULL, NULL, '2008-01-14 14:09:19', '1991-01-05 05:38:49', 0, 'ferreira.zacharie@sfr.fr'),
(54, NULL, NULL, '1997-11-10 19:39:29', '1971-06-08 07:09:09', 0, 'simone41@dbmail.com'),
(55, NULL, NULL, '1995-02-22 10:46:08', '2000-07-04 06:59:04', 0, 'guillaume47@wanadoo.fr'),
(56, NULL, NULL, '1986-01-07 04:29:32', '2009-02-04 10:57:31', 0, 'richard.guillon@free.fr'),
(57, NULL, NULL, '2003-07-11 00:10:37', '2008-04-29 02:54:19', 1, 'astrid.mendes@wanadoo.fr'),
(58, NULL, NULL, '2009-01-27 12:20:15', '1985-07-24 19:41:26', 1, 'flebrun@sfr.fr'),
(59, NULL, NULL, '2006-08-04 10:17:53', '2011-08-12 22:15:06', 0, 'nicole.ferreira@regnier.org'),
(60, NULL, NULL, '2008-11-25 12:35:16', '1994-08-08 07:27:29', 0, 'thibault.couturier@sfr.fr'),
(61, NULL, NULL, '2014-03-25 21:20:53', '1971-11-11 17:01:22', 1, 'matthieu.gomes@renard.fr'),
(62, NULL, NULL, '1997-12-25 02:35:57', '2001-03-18 08:55:48', 0, 'alphonse33@ifrance.com'),
(63, NULL, NULL, '2001-08-11 23:56:47', '1999-12-02 18:49:01', 0, 'genevieve22@hamel.net'),
(64, NULL, NULL, '1981-03-14 08:47:33', '2016-10-29 07:07:49', 0, 'rodriguez.richard@ifrance.com'),
(65, NULL, NULL, '2006-07-13 03:16:54', '2012-04-20 01:39:55', 0, 'laetitia17@tele2.fr'),
(66, NULL, NULL, '2019-06-06 22:01:24', '1973-08-13 04:41:17', 0, 'corinne.carpentier@fleury.fr'),
(67, NULL, NULL, '2012-08-07 15:25:04', '1983-04-20 07:43:46', 1, 'bouvier.stephanie@club-internet.fr'),
(68, NULL, NULL, '2007-04-03 04:03:49', '1984-08-26 16:11:05', 0, 'guillet.thibault@bouygtel.fr'),
(69, NULL, NULL, '1992-05-26 12:59:27', '1972-02-27 16:15:31', 1, 'abenard@club-internet.fr'),
(70, NULL, NULL, '2012-03-26 09:59:03', '2009-08-05 09:35:48', 1, 'tcolas@carpentier.com'),
(71, NULL, NULL, '2018-07-11 14:09:45', '1999-08-17 21:19:49', 1, 'anastasie.fouquet@lefort.net'),
(72, NULL, NULL, '1988-11-17 04:07:48', '1972-09-07 15:31:58', 0, 'esalmon@laposte.net'),
(73, NULL, NULL, '1998-07-24 05:55:49', '1979-05-06 22:20:46', 0, 'zacharie.perrin@tiscali.fr'),
(74, NULL, NULL, '1982-07-14 23:40:11', '1997-07-14 01:23:46', 0, 'mathilde81@ifrance.com'),
(75, NULL, NULL, '2000-05-14 23:50:15', '2006-01-27 19:21:02', 0, 'bonnin.gregoire@bruneau.fr'),
(76, NULL, NULL, '2007-11-20 18:44:29', '1994-10-20 21:23:20', 0, 'marcelle.cohen@dbmail.com'),
(77, NULL, NULL, '2003-04-25 20:01:03', '2017-11-23 22:08:29', 0, 'maurice95@gmail.com'),
(78, NULL, NULL, '2004-08-09 06:03:07', '1999-06-26 07:17:47', 0, 'paulette30@dasilva.fr'),
(79, NULL, NULL, '1975-09-10 08:39:13', '2005-01-23 11:33:38', 0, 'petitjean.brigitte@gmail.com'),
(80, NULL, NULL, '1978-01-05 16:08:26', '1992-12-01 17:06:23', 1, 'laure81@valentin.com');
INSERT INTO `service` (`id`, `author_id`, `unity_id`, `name`, `slug`, `content`, `price_ht`, `price_ttc`, `quantity`) VALUES
(1, 20, 10, 'architecto', 'iste-sunt-sit-hic-omnis-debitis-omnis', 'Doloremque et minima corrupti et officiis illum cum. Incidunt iste porro quae dolores. Et assumenda ea ducimus ut magni soluta.', 20279, 7950, 7),
(2, 20, 10, 'aspernatur', 'excepturi-voluptatem-ipsa-quia-est-vitae', 'Sed deserunt possimus at quae est numquam rerum. Et est autem esse sed iste magnam eum. Eum asperiores dolorum sed quis. Quo velit similique recusandae dolores laborum deleniti harum.', 19261, 16306, 36),
(3, 20, 10, 'et', 'repellendus-autem-sed-iusto-sint-natus-dolorem', 'Adipisci voluptate voluptatem id sunt. Quis ducimus voluptatibus sunt delectus maxime minima omnis. Mollitia vel voluptas animi. Vel ut dolores quidem dolores et error.', 7627, 25276, 38),
(4, 20, 10, 'odit', 'molestiae-voluptas-voluptatem-sunt-expedita', 'Debitis maiores sapiente illo quia consectetur alias. Aut dolore veniam ea excepturi. Culpa magnam sit voluptatem omnis minima accusamus. Esse provident praesentium aut sed consequatur.', 14000, 13923, 35),
(5, 20, 10, 'quia', 'sed-necessitatibus-corrupti-expedita-animi-eos', 'Totam debitis quia saepe ut tempora nisi explicabo pariatur. Eaque officia sequi distinctio in cumque alias consequatur. Tempore temporibus velit animi dolore.', 14371, 15768, 34),
(6, 20, 10, 'mollitia', 'voluptatibus-vel-alias-omnis-a-fugit-soluta-assumenda', 'Tempore voluptatibus cupiditate qui asperiores quas. Hic voluptas recusandae ex similique. Rem omnis quos recusandae sit.', 11446, 3501, 48),
(7, 20, 10, 'qui', 'aspernatur-veniam-vel-consequatur-nesciunt', 'Explicabo exercitationem qui iusto consequuntur. Expedita et velit eveniet quaerat. Est eveniet culpa iure inventore nobis est nulla.', 2631, 13689, 15),
(8, 20, 10, 'nobis', 'quis-nisi-delectus-dolor-omnis-et', 'Aut voluptate minus alias et. Modi nobis et recusandae maxime. Architecto voluptatem voluptatum numquam velit illo necessitatibus est aperiam. Quasi ipsum non aut explicabo.', 11834, 15107, 35),
(9, 20, 10, 'eaque', 'quas-at-totam-amet', 'Sit totam impedit asperiores ut consequatur autem consequuntur vero. Est qui quia id. Voluptas hic odio assumenda illo. Quo numquam omnis dolore cumque esse ut dolor.', 6578, 23514, 35),
(10, 20, 10, 'est', 'fugiat-architecto-itaque-consequuntur-voluptate-culpa', 'Officia dolore sapiente sit at amet. Quis sint consequatur et occaecati. Doloremque dolores blanditiis aliquam dolorem. Excepturi delectus soluta debitis iure.', 15071, 11724, 43),
(11, 20, 10, 'est', 'vel-iure-quibusdam-necessitatibus-aliquid', 'Accusantium occaecati et vel veritatis ipsam aliquam. Laborum optio illum voluptatem nulla facere. Est laborum similique nihil aut ipsum. Eos suscipit iste consequatur sequi accusantium.', 4893, 22024, 39),
(12, 20, 10, 'non', 'quibusdam-consequuntur-praesentium-molestias-distinctio', 'Exercitationem quo asperiores sed perspiciatis sint tempora dignissimos. Nobis enim quibusdam est molestiae qui molestiae. At quaerat incidunt assumenda. Dolorem modi natus officia cumque.', 23272, 16154, 12),
(13, 20, 10, 'cumque', 'tempore-impedit-quae-sapiente-expedita-id-ipsa', 'Nihil est iste natus eum. Ea et sunt nihil vero odio sit. Est quia corrupti ad qui dolores veritatis et. Non sed quam rerum ut doloribus quibusdam aliquam. Voluptatum non nihil quia.', 16840, 18770, 50),
(14, 20, 10, 'tempore', 'dignissimos-esse-consequatur-vero-aut-excepturi-quis', 'Reiciendis dolore adipisci dolorem iure unde commodi est iure. Delectus sunt consequuntur ea qui. Inventore voluptatem nihil ex qui et aut. Cumque sint et qui consequatur eaque.', 4139, 7588, 33),
(15, 20, 10, 'velit', 'quia-necessitatibus-sunt-eum-assumenda-id', 'Ab facilis ex aut ducimus accusantium aut et. Eum voluptate consequatur quaerat ut iusto. Officiis facilis quisquam nulla qui.', 14995, 18383, 44),
(16, 20, 10, 'est', 'deserunt-sed-et-repellendus-aperiam', 'Aspernatur iure consequatur ut non in beatae et sit. Nisi doloribus officiis ut ullam. Dolorem error laborum sit sequi quisquam totam quas quasi.', 17954, 20669, 15),
(17, 20, 10, 'quo', 'dolor-voluptas-illum-porro-officiis', 'Ipsa molestiae voluptas accusantium eaque laudantium. Ut qui sit debitis et. Tempora quisquam molestias autem. Voluptatibus eius vel id necessitatibus facere aut.', 22388, 19081, 40),
(18, 20, 10, 'non', 'sed-rem-ex-fuga-vero-adipisci', 'Dolor laboriosam sequi quasi. Et et quia aliquam dolor illo. Est exercitationem deserunt minus qui. Et laborum in voluptate quo. Sit autem esse vel dolorem harum minus. Est ea et pariatur.', 25012, 14312, 24),
(19, 20, 10, 'voluptatem', 'debitis-quidem-distinctio-ut-laudantium-praesentium', 'Ipsam voluptatem voluptas maxime qui necessitatibus. Et quis ipsam rerum suscipit qui. Blanditiis recusandae nesciunt quas deleniti in.', 27320, 19847, 42),
(20, 20, 10, 'error', 'velit-amet-similique-repellendus-sint-quam', 'Neque qui cupiditate neque sunt voluptate ratione. Quis facilis vel deserunt quia quisquam hic adipisci quisquam. Consequatur magni quo aut consequatur.', 19716, 13073, 36),
(21, 20, 10, 'sapiente', 'ullam-aliquid-minima-quisquam-aut-blanditiis-vel-quidem', 'Repellat ipsam aut sunt perspiciatis. Sed et dolores sint sit et. Itaque qui commodi tempora sapiente accusamus.', 9848, 27486, 25),
(22, 20, 10, 'rerum', 'sit-voluptas-quasi-magni-aut-et-esse-voluptatum', 'Aut magnam voluptatem ut aut. Officiis laborum deleniti eveniet quo id. Ad est quis qui molestiae fuga. Mollitia sit nam officiis non beatae sed.', 29126, 18201, 39),
(23, 20, 10, 'molestias', 'quia-dolores-eum-voluptatem-vero', 'Excepturi fugiat minima labore. Perferendis illum consequatur in. Alias totam debitis quas autem id labore odio.', 3342, 4274, 40),
(24, 20, 10, 'modi', 'velit-sit-non-mollitia-voluptatem-rerum-assumenda-dolor', 'Consequatur alias assumenda occaecati ut consequatur. Qui quod explicabo id voluptatem blanditiis. Modi maiores doloribus id error autem et. Nostrum cupiditate natus magni fugit consequatur.', 3376, 3893, 18),
(25, 20, 10, 'dolor', 'iure-voluptatem-officiis-eligendi-veritatis-exercitationem-tempora-et', 'Quaerat quo nulla voluptatem facilis sit occaecati a aspernatur. Aut suscipit voluptatum fuga qui facere ab eligendi possimus. Minus vero repellat omnis porro neque. Nam quis eos in suscipit est hic.', 28281, 5744, 30),
(26, 20, 10, 'suscipit', 'doloremque-et-qui-ipsum-eos', 'Et aut omnis tempora ut est. Voluptas molestiae quaerat fugit officia dolores ea. Officiis tempore illum animi ullam. Ab architecto et voluptatibus dolorem consectetur.', 17762, 24107, 13),
(27, 20, 10, 'quaerat', 'voluptatem-atque-est-et-quia-corporis-qui', 'Consequatur repellat est eum rerum id sit dolorum. Quas minima et et dolore fugiat. Deleniti dolore aut aperiam occaecati possimus culpa necessitatibus. Omnis cumque quo et illum saepe.', 10710, 26366, 33),
(28, 20, 10, 'sed', 'consequatur-praesentium-nisi-eaque-culpa-corporis-ipsum-numquam-voluptas', 'Modi libero magnam qui sint itaque blanditiis aut. Eius hic cupiditate rerum et.', 5930, 2599, 40),
(29, 20, 10, 'quasi', 'hic-eos-aperiam-sunt', 'Excepturi iste quasi doloribus atque. Neque nisi est reiciendis exercitationem. Velit assumenda illum et et perferendis sed placeat. Aut temporibus voluptatem ut fuga.', 2061, 2340, 21),
(30, 20, 10, 'velit', 'similique-sunt-molestias-magnam-vitae-maxime-quis', 'Error modi et sapiente. Qui cum dolore odio non temporibus nisi. Omnis ut debitis praesentium unde.', 7789, 5898, 29),
(31, 40, 20, 'repellat', 'eos-est-provident-architecto-cumque-architecto-sed-nobis-quia', 'Vero aut at voluptas iure voluptates assumenda beatae voluptas. Est esse nisi quod praesentium sit. Ullam voluptatibus qui reiciendis. Itaque qui est neque harum rerum nulla.', 27092, 27400, 31),
(32, 40, 20, 'nihil', 'sed-consequuntur-aperiam-eius-nemo-eveniet', 'Autem illum aliquid perspiciatis sequi in cum. Ut et ullam unde illum veniam velit.', 17418, 2429, 18),
(33, 40, 20, 'similique', 'praesentium-quas-consectetur-fugiat-debitis-voluptate-nulla-impedit', 'Necessitatibus ea ullam quaerat rerum. Soluta voluptatem eius adipisci dignissimos est.', 22978, 20276, 47),
(34, 40, 20, 'qui', 'ut-voluptatem-ab-ipsum-nobis-animi-ab-nihil', 'Vel debitis ut doloribus est corrupti ut in. Consectetur labore voluptatem fugit nulla. Debitis consequuntur voluptatem officiis porro necessitatibus. Ipsam eum fuga perferendis assumenda omnis.', 13092, 7470, 44),
(35, 40, 20, 'repellendus', 'et-aut-eum-perspiciatis-voluptatem-est-quia', 'Quo autem ratione deserunt fugiat sit suscipit sequi. Maxime omnis maxime aliquam ipsa eaque. Optio optio harum non quibusdam repellat officia qui.', 2409, 24315, 11),
(36, 40, 20, 'quia', 'cumque-optio-aut-repudiandae-aut-repudiandae-vel', 'Ea perspiciatis magni explicabo quo cumque. Doloremque in laudantium sint dolorem. Commodi voluptas quo quisquam qui et ut voluptas. Quo et dolor sed cum.', 25331, 16345, 32),
(37, 40, 20, 'blanditiis', 'eaque-exercitationem-aut-consequatur-culpa-animi-non', 'Inventore esse accusamus rerum et corrupti. Nam quae mollitia autem quis sapiente eos tenetur. Culpa ad voluptatem animi consequuntur. Ut corporis occaecati quibusdam ducimus culpa.', 4827, 3127, 30),
(38, 40, 20, 'ducimus', 'sapiente-perferendis-aut-voluptatem-explicabo-minima-perspiciatis-sapiente', 'Laboriosam neque recusandae molestiae odio molestiae ea nesciunt consectetur. Ex ipsa eveniet non sed ipsam. Tempora facere debitis consequuntur eaque voluptatem ab qui.', 6161, 14053, 3),
(39, 40, 20, 'culpa', 'quis-accusantium-odio-at-et-et', 'Repellat ut ad expedita provident dolores. Culpa quaerat adipisci vero eum animi expedita. Soluta ea voluptatem sapiente tempora nostrum. Minus labore est quas libero architecto.', 13867, 21470, 6),
(40, 40, 20, 'id', 'sit-et-harum-omnis-a-accusamus-animi-debitis', 'Non maiores molestiae rerum sit nam. Neque atque explicabo porro repellendus explicabo est. Ab non explicabo distinctio voluptatibus nihil sit consequuntur.', 1067, 12878, 17),
(41, 40, 20, 'et', 'consequatur-consequatur-magnam-sapiente', 'Officia magni sit dolor nam quos eos ea. Tempora veritatis voluptates hic error suscipit aspernatur aut.', 6656, 12041, 23),
(42, 40, 20, 'dolorem', 'non-saepe-est-similique-eos', 'Quod ex id dolor ipsam. Reprehenderit ut voluptatum ex animi vero. Error aliquam similique nihil quo et inventore. Mollitia rem eum quia sit ut distinctio velit.', 19099, 16662, 25),
(43, 40, 20, 'dignissimos', 'sequi-reprehenderit-optio-repudiandae-dolor', 'Quae repellendus corrupti ratione velit explicabo in. Sed soluta molestiae ea sit. Dolor velit necessitatibus ea repellendus.', 22317, 29366, 46),
(44, 40, 20, 'omnis', 'dolorum-architecto-nobis-quo-voluptate-fugiat', 'Adipisci qui cumque in ex. Optio consequatur harum quibusdam et sint. Sapiente mollitia rem sit. Omnis neque facere ducimus consequuntur voluptatem.', 1609, 28800, 35),
(45, 40, 20, 'est', 'amet-cupiditate-quo-nulla-laborum-inventore-fuga', 'Ea culpa deserunt eligendi. Quia architecto quisquam sed nobis explicabo culpa. Et maxime maiores doloremque.', 26145, 19002, 45),
(46, 40, 20, 'molestiae', 'porro-et-corrupti-quo-molestiae-quod-dolorem-quo-temporibus', 'Aspernatur qui id tenetur commodi ratione qui. Quis cum impedit suscipit natus commodi modi. Aut eos et soluta voluptatem debitis est minima. Consectetur cumque consequatur illo commodi ab ab.', 25936, 22442, 19),
(47, 40, 20, 'magnam', 'voluptas-qui-earum-cupiditate-debitis', 'Atque eligendi voluptates aperiam tempora. Molestiae qui est ut quae. Ut ullam et ipsum dicta voluptates aut et.', 4440, 27122, 20),
(48, 40, 20, 'autem', 'nam-rerum-iure-repellendus-illo-ex', 'Qui perferendis beatae aut magni consequatur. Cupiditate vitae porro itaque voluptas quia quia dolor. Rerum qui quam sit.', 29537, 25330, 22),
(49, 40, 20, 'rerum', 'dignissimos-est-ea-ut-quis-maxime-adipisci', 'Qui omnis qui voluptas et asperiores sed. Velit alias facere quidem et error. Molestiae inventore nulla aut beatae cupiditate sunt.', 17341, 5943, 42),
(50, 40, 20, 'molestias', 'commodi-quasi-voluptatem-omnis-quia-hic-exercitationem-et', 'Voluptatem sunt dolor inventore et modi ut. Beatae exercitationem optio ratione rem rem. Aut dolor optio dolores quia nobis.', 21070, 23213, 4),
(51, 40, 20, 'velit', 'et-minima-temporibus-omnis-molestiae', 'Unde occaecati dolor velit facilis ipsam dolorem eveniet quasi. Officiis voluptas aspernatur numquam. Porro est quis eos et. Qui et ducimus ut quas.', 13510, 13691, 14),
(52, 40, 20, 'aut', 'distinctio-ut-quia-doloremque-aut-nisi', 'Eum doloribus rerum molestiae aut. Esse sapiente quibusdam veritatis suscipit odio totam eveniet labore. Ad repudiandae minima reiciendis.', 23993, 23339, 26),
(53, 40, 20, 'esse', 'exercitationem-voluptatem-est-consequuntur-qui-aliquid', 'Dolorum qui dolore et maiores voluptas a et. Odio amet veritatis magni officiis quasi magni voluptatem. Est sequi a dolorem aut debitis maxime non ipsam.', 15769, 14749, 44),
(54, 40, 20, 'magni', 'quibusdam-et-facilis-voluptates-non-similique', 'Quia voluptatum voluptas sequi rem ullam. Fugiat ut atque deserunt iusto. Omnis sunt quia ad rerum sed.', 21869, 16278, 29),
(55, 40, 20, 'sed', 'ex-molestiae-fuga-id-aut', 'Iure consequatur quos quam amet. Aliquam qui ea excepturi eveniet magnam in. Sed sed vero nihil ratione et laboriosam possimus. Atque quisquam nihil alias recusandae enim.', 22586, 19768, 11),
(56, 40, 20, 'natus', 'voluptas-commodi-necessitatibus-necessitatibus-perferendis-sit', 'Facilis numquam a illo accusamus repellendus. Dolor sit voluptatum velit soluta tenetur dolore nisi. Et placeat eum quibusdam.', 19797, 2088, 34),
(57, 40, 20, 'sunt', 'minima-corporis-ducimus-voluptatem-quibusdam', 'Et ad eos et alias ex doloribus iure. Libero eos suscipit officiis odio est. Labore deleniti quaerat qui nihil recusandae quasi est.', 21571, 25583, 5),
(58, 40, 20, 'sint', 'aut-hic-delectus-ipsa-aut', 'Doloribus architecto corporis hic aut qui repudiandae. Placeat autem explicabo dolorem. Aut temporibus pariatur magni atque. Officia natus ut saepe expedita. In officia aut non.', 25658, 16560, 44),
(59, 40, 20, 'facilis', 'fugiat-repellendus-vel-consequatur-tempore-nam-eius-dignissimos', 'Optio ut voluptas sit corrupti. Enim aut quia vitae eos numquam aut. Voluptates omnis vel aut laudantium sed.', 28022, 3395, 27),
(60, 40, 20, 'ducimus', 'quia-aut-vel-voluptas-sit-quod-quidem', 'Sapiente quae omnis et rerum nostrum rerum. Tempora maiores vitae est est. Rem quasi suscipit consectetur. Vero qui voluptate ut ut molestiae.', 12568, 14601, 40);
INSERT INTO `service_file` (`service_id`, `file_id`) VALUES
(1, 1),
(1, 11),
(1, 21),
(1, 31),
(2, 2),
(2, 12),
(2, 22),
(2, 32),
(3, 3),
(3, 13),
(3, 23),
(3, 33),
(4, 4),
(4, 14),
(4, 24),
(4, 34),
(5, 5),
(5, 15),
(5, 25),
(5, 35),
(6, 6),
(6, 16),
(6, 26),
(6, 36),
(7, 7),
(7, 17),
(7, 27),
(7, 37),
(8, 8),
(8, 18),
(8, 28),
(8, 38),
(9, 9),
(9, 19),
(9, 29),
(9, 39),
(10, 10),
(10, 20),
(10, 30),
(10, 40),
(11, 11),
(11, 21),
(11, 31),
(11, 41),
(12, 12),
(12, 22),
(12, 32),
(12, 42),
(13, 13),
(13, 23),
(13, 33),
(13, 43),
(14, 14),
(14, 24),
(14, 34),
(14, 44),
(15, 15),
(15, 25),
(15, 35),
(15, 45),
(16, 16),
(16, 26),
(16, 36),
(16, 46),
(17, 17),
(17, 27),
(17, 37),
(17, 47),
(18, 18),
(18, 28),
(18, 38),
(18, 48),
(19, 19),
(19, 29),
(19, 39),
(19, 49);
INSERT INTO `service_quotation` (`id`, `quotation_id`, `quantity`, `extra`) VALUES
(1, 1, 1, 'Un peu de sel avec s\'il vous plaît'),
(2, 2, 5, 'Je ne sais pas quoi mettre');
INSERT INTO `service_quotation_service` (`service_quotation_id`, `service_id`) VALUES
(1, 1),
(1, 37);
